experimento,distancia_km_barrida,repeticion,semilla_alice,semilla_bob,distancia_km,mu,eficiencia_detector,conteos_oscuros_hz,visibilidad,claves_completadas,bits_tamizados,errores,qber,tiempo_hasta_ultima_clave_s,tasa_tamizada_bps,indicador_ideal_bps,clics_detector_0,clics_detector_1,clics_detector_2,clics_detector_total,rendimiento_fondo_pulso,referencia_tasa_tamizada_bps
distancia,1.0,0,10000,10001,1.0,0.1,0.1,100.0,0.98,1,256,0,0.0,0.0050569999689999996,50622.899262272076,50622.89926226647,1721,1009,941,3671,2.9999995498908305e-07,285143.0184465576
distancia,1.0,1,10002,10003,1.0,0.1,0.1,100.0,0.98,1,256,1,0.00390625,0.004960999972,51602.49978731506,47492.41571288986,1768,985,946,3699,2.9999995498908305e-07,285143.0184465576
distancia,1.0,2,10004,10005,1.0,0.1,0.1,100.0,0.98,1,256,1,0.00390625,0.00502499997,50945.27393599168,46887.53719969851,1698,994,962,3654,2.9999995498908305e-07,285143.0184465576
distancia,1.0,3,10006,10007,1.0,0.1,0.1,100.0,0.98,1,256,2,0.0078125,0.004992999971,51271.780790483004,43971.95430119522,1770,941,927,3638,2.9999995498908305e-07,285143.0184465576
distancia,1.0,4,10008,10009,1.0,0.1,0.1,100.0,0.98,1,256,0,0.0,0.004960999972,51602.49978731506,51602.49978730934,1672,976,992,3640,2.9999995498908305e-07,285143.0184465576
distancia,1.0,5,10010,10011,1.0,0.1,0.1,100.0,0.98,1,256,0,0.0,0.00502499997,50945.27393599168,50945.273935986035,1737,1015,963,3715,2.9999995498908305e-07,285143.0184465576
distancia,1.0,6,10012,10013,1.0,0.1,0.1,100.0,0.98,1,256,1,0.00390625,0.004928999973,51937.51296455931,47800.745447855355,1721,922,949,3592,2.9999995498908305e-07,285143.0184465576
distancia,1.0,7,10014,10015,1.0,0.1,0.1,100.0,0.98,1,256,1,0.00390625,0.00502499997,50945.27393599168,46887.53719969851,1693,983,988,3664,2.9999995498908305e-07,285143.0184465576
distancia,1.0,8,10016,10017,1.0,0.1,0.1,100.0,0.98,1,256,0,0.0,0.00502499997,50945.27393599168,50945.273935986035,1723,962,1017,3702,2.9999995498908305e-07,285143.0184465576
distancia,1.0,9,10018,10019,1.0,0.1,0.1,100.0,0.98,1,256,2,0.0078125,0.004960999972,51602.49978731506,44255.5871376411,1741,958,951,3650,2.9999995498908305e-07,285143.0184465576
distancia,1.0,10,10020,10021,1.0,0.1,0.1,100.0,0.98,1,256,0,0.0,0.004832999976,52969.17055064352,52969.170550637646,1725,936,980,3641,2.9999995498908305e-07,285143.0184465576
distancia,1.0,11,10022,10023,1.0,0.1,0.1,100.0,0.98,1,256,1,0.00390625,0.004992999971,51271.780790483004,47188.03813144643,1646,1025,979,3650,2.9999995498908305e-07,285143.0184465576
distancia,1.0,12,10024,10025,1.0,0.1,0.1,100.0,0.98,1,256,2,0.0078125,0.0050569999689999996,50622.899262272076,43415.457365347094,1763,955,993,3711,2.9999995498908305e-07,285143.0184465576
distancia,1.0,13,10026,10027,1.0,0.1,0.1,100.0,0.98,1,256,1,0.00390625,0.005088999968,50304.57881897161,46297.87276545311,1783,988,1022,3793,2.9999995498908305e-07,285143.0184465576
distancia,1.0,14,10028,10029,1.0,0.1,0.1,100.0,0.98,1,256,0,0.0,0.004992999971,51271.780790483004,51271.78079047732,1728,849,950,3527,2.9999995498908305e-07,285143.0184465576
distancia,1.0,15,10030,10031,1.0,0.1,0.1,100.0,0.98,1,256,1,0.00390625,0.0048969999739999995,52276.9045046354,48113.104813722624,1715,939,969,3623,2.9999995498908305e-07,285143.0184465576
distancia,1.0,16,10032,10033,1.0,0.1,0.1,100.0,0.98,1,256,0,0.0,0.0048969999739999995,52276.9045046354,52276.90450462961,1693,981,916,3590,2.9999995498908305e-07,285143.0184465576
distancia,1.0,17,10034,10035,1.0,0.1,0.1,100.0,0.98,1,256,0,0.0,0.0050569999689999996,50622.899262272076,50622.89926226647,1749,1016,970,3735,2.9999995498908305e-07,285143.0184465576
distancia,1.0,18,10036,10037,1.0,0.1,0.1,100.0,0.98,1,256,0,0.0,0.004864999975,52620.76080483433,52620.760804828504,1689,954,898,3541,2.9999995498908305e-07,285143.0184465576
distancia,1.0,19,10038,10039,1.0,0.1,0.1,100.0,0.98,1,256,2,0.0078125,0.005088999968,50304.57881897161,43142.45783675373,1814,990,949,3753,2.9999995498908305e-07,285143.0184465576
distancia,1.0,20,10040,10041,1.0,0.1,0.1,100.0,0.98,1,256,0,0.0,0.004928999973,51937.51296455931,51937.512964553556,1702,954,923,3579,2.9999995498908305e-07,285143.0184465576
distancia,1.0,21,10042,10043,1.0,0.1,0.1,100.0,0.98,1,256,0,0.0,0.004992999971,51271.780790483004,51271.78079047732,1711,989,982,3682,2.9999995498908305e-07,285143.0184465576
distancia,1.0,22,10044,10045,1.0,0.1,0.1,100.0,0.98,1,256,2,0.0078125,0.00502499997,50945.27393599168,43691.93390277395,1709,981,975,3665,2.9999995498908305e-07,285143.0184465576
distancia,1.0,23,10046,10047,1.0,0.1,0.1,100.0,0.98,1,256,0,0.0,0.004928999973,51937.51296455931,51937.512964553556,1658,952,995,3605,2.9999995498908305e-07,285143.0184465576
distancia,1.0,24,10048,10049,1.0,0.1,0.1,100.0,0.98,1,256,0,0.0,0.004960999972,51602.49978731506,51602.49978730934,1618,939,971,3528,2.9999995498908305e-07,285143.0184465576
distancia,1.0,25,10050,10051,1.0,0.1,0.1,100.0,0.98,1,256,2,0.0078125,0.0050569999689999996,50622.899262272076,43415.457365347094,1730,978,928,3636,2.9999995498908305e-07,285143.0184465576
distancia,1.0,26,10052,10053,1.0,0.1,0.1,100.0,0.98,1,256,0,0.0,0.004992999971,51271.780790483004,51271.78079047732,1693,976,932,3601,2.9999995498908305e-07,285143.0184465576
distancia,1.0,27,10054,10055,1.0,0.1,0.1,100.0,0.98,1,256,1,0.00390625,0.004992999971,51271.780790483004,47188.03813144643,1711,953,932,3596,2.9999995498908305e-07,285143.0184465576
distancia,1.0,28,10056,10057,1.0,0.1,0.1,100.0,0.98,1,256,1,0.00390625,0.004960999972,51602.49978731506,47492.41571288986,1657,993,943,3593,2.9999995498908305e-07,285143.0184465576
distancia,1.0,29,10058,10059,1.0,0.1,0.1,100.0,0.98,1,256,1,0.00390625,0.004960999972,51602.49978731506,47492.41571288986,1686,942,938,3566,2.9999995498908305e-07,285143.0184465576
distancia,8.615384615384615,0,10100,10101,8.615384615384615,0.1,0.1,100.0,0.98,1,256,2,0.0078125,0.005439384578,47064.147851470414,40363.38365164977,1413,803,735,2951,2.9999995498908305e-07,201082.08223556302
distancia,8.615384615384615,1,10102,10103,8.615384615384615,0.1,0.1,100.0,0.98,1,256,0,0.0,0.005567384574,45982.09385346477,45982.09385345968,1397,758,742,2897,2.9999995498908305e-07,201082.08223556302
distancia,8.615384615384615,2,10104,10105,8.615384615384615,0.1,0.1,100.0,0.98,1,256,1,0.00390625,0.0055033845759999995,46516.82913754636,42811.81330655002,1374,813,806,2993,2.9999995498908305e-07,201082.08223556302
distancia,8.615384615384615,3,10106,10107,8.615384615384615,0.1,0.1,100.0,0.98,1,256,1,0.00390625,0.0056633845709999995,45202.65166361418,41602.30866685726,1457,867,811,3135,2.9999995498908305e-07,201082.08223556302
distancia,8.615384615384615,4,10108,10109,8.615384615384615,0.1,0.1,100.0,0.98,1,256,0,0.0,0.005567384574,45982.09385346477,45982.09385345968,1359,829,840,3028,2.9999995498908305e-07,201082.08223556302
distancia,8.615384615384615,5,10110,10111,8.615384615384615,0.1,0.1,100.0,0.98,1,256,4,0.015625,0.005599384573,45719.310160338224,34252.51569329467,1390,750,815,2955,2.9999995498908305e-07,201082.08223556302
distancia,8.615384615384615,6,10112,10113,8.615384615384615,0.1,0.1,100.0,0.98,1,256,0,0.0,0.005471384577,46788.88796743414,46788.88796742895,1365,785,794,2944,2.9999995498908305e-07,201082.08223556302
distancia,8.615384615384615,7,10114,10115,8.615384615384615,0.1,0.1,100.0,0.98,1,256,2,0.0078125,0.005631384572,45459.51297179496,38987.20887263195,1423,803,850,3076,2.9999995498908305e-07,201082.08223556302
distancia,8.615384615384615,8,10116,10117,8.615384615384615,0.1,0.1,100.0,0.98,1,256,0,0.0,0.005599384573,45719.310160338224,45719.31016033316,1427,789,784,3000,2.9999995498908305e-07,201082.08223556302
distancia,8.615384615384615,9,10118,10119,8.615384615384615,0.1,0.1,100.0,0.98,1,256,0,0.0,0.005599384573,45719.310160338224,45719.31016033316,1412,806,855,3073,2.9999995498908305e-07,201082.08223556302
distancia,8.615384615384615,10,10120,10121,8.615384615384615,0.1,0.1,100.0,0.98,1,256,0,0.0,0.005439384578,47064.147851470414,47064.1478514652,1376,790,732,2898,2.9999995498908305e-07,201082.08223556302
distancia,8.615384615384615,11,10122,10123,8.615384615384615,0.1,0.1,100.0,0.98,1,256,1,0.00390625,0.005535384575,46247.91584602774,42564.31867190708,1325,823,850,2998,2.9999995498908305e-07,201082.08223556302
distancia,8.615384615384615,12,10124,10125,8.615384615384615,0.1,0.1,100.0,0.98,1,256,1,0.00390625,0.005727384569,44697.53984840196,41137.42846902916,1426,820,841,3087,2.9999995498908305e-07,201082.08223556302
distancia,8.615384615384615,13,10126,10127,8.615384615384615,0.1,0.1,100.0,0.98,1,256,1,0.00390625,0.0056633845709999995,45202.65166361418,41602.30866685726,1463,822,772,3057,2.9999995498908305e-07,201082.08223556302
distancia,8.615384615384615,14,10128,10129,8.615384615384615,0.1,0.1,100.0,0.98,1,256,1,0.00390625,0.0055033845759999995,46516.82913754636,42811.81330655002,1398,787,824,3009,2.9999995498908305e-07,201082.08223556302
distancia,8.615384615384615,15,10130,10131,8.615384615384615,0.1,0.1,100.0,0.98,1,256,3,0.01171875,0.005567384574,45982.09385346477,36846.185668872335,1359,834,812,3005,2.9999995498908305e-07,201082.08223556302
distancia,8.615384615384615,16,10132,10133,8.615384615384615,0.1,0.1,100.0,0.98,1,256,1,0.00390625,0.005567384574,45982.09385346477,42319.669117554826,1414,813,772,2999,2.9999995498908305e-07,201082.08223556302
distancia,8.615384615384615,17,10134,10135,8.615384615384615,0.1,0.1,100.0,0.98,1,256,2,0.0078125,0.0055033845759999995,46516.82913754636,39893.98951113408,1412,768,824,3004,2.9999995498908305e-07,201082.08223556302
distancia,8.615384615384615,18,10136,10137,8.615384615384615,0.1,0.1,100.0,0.98,1,256,1,0.00390625,0.005599384573,45719.310160338224,42077.8158653292,1432,789,803,3024,2.9999995498908305e-07,201082.08223556302
distancia,8.615384615384615,19,10138,10139,8.615384615384615,0.1,0.1,100.0,0.98,1,256,4,0.015625,0.005535384575,46247.91584602774,34648.54254674339,1374,770,786,2930,2.9999995498908305e-07,201082.08223556302
distancia,8.615384615384615,20,10140,10141,8.615384615384615,0.1,0.1,100.0,0.98,1,256,0,0.0,0.0055033845759999995,46516.82913754636,46516.82913754121,1346,774,832,2952,2.9999995498908305e-07,201082.08223556302
distancia,8.615384615384615,21,10142,10143,8.615384615384615,0.1,0.1,100.0,0.98,1,256,0,0.0,0.005631384572,45459.51297179496,45459.512971789925,1420,857,808,3085,2.9999995498908305e-07,201082.08223556302
distancia,8.615384615384615,22,10144,10145,8.615384615384615,0.1,0.1,100.0,0.98,1,256,0,0.0,0.005599384573,45719.310160338224,45719.31016033316,1368,785,793,2946,2.9999995498908305e-07,201082.08223556302
distancia,8.615384615384615,23,10146,10147,8.615384615384615,0.1,0.1,100.0,0.98,1,256,0,0.0,0.005471384577,46788.88796743414,46788.88796742895,1397,770,748,2915,2.9999995498908305e-07,201082.08223556302
distancia,8.615384615384615,24,10148,10149,8.615384615384615,0.1,0.1,100.0,0.98,1,256,0,0.0,0.0053433845809999995,47909.708934349306,47909.708934343995,1288,754,821,2863,2.9999995498908305e-07,201082.08223556302
distancia,8.615384615384615,25,10150,10151,8.615384615384615,0.1,0.1,100.0,0.98,1,256,0,0.0,0.005567384574,45982.09385346477,45982.09385345968,1400,796,773,2969,2.9999995498908305e-07,201082.08223556302
distancia,8.615384615384615,26,10152,10153,8.615384615384615,0.1,0.1,100.0,0.98,1,256,1,0.00390625,0.005567384574,45982.09385346477,42319.669117554826,1365,764,836,2965,2.9999995498908305e-07,201082.08223556302
distancia,8.615384615384615,27,10154,10155,8.615384615384615,0.1,0.1,100.0,0.98,1,256,0,0.0,0.0056633845709999995,45202.65166361418,45202.65166360918,1387,807,783,2977,2.9999995498908305e-07,201082.08223556302
distancia,8.615384615384615,28,10156,10157,8.615384615384615,0.1,0.1,100.0,0.98,1,256,1,0.00390625,0.005631384572,45459.51297179496,41838.71124578187,1397,763,791,2951,2.9999995498908305e-07,201082.08223556302
distancia,8.615384615384615,29,10158,10159,8.615384615384615,0.1,0.1,100.0,0.98,1,256,1,0.00390625,0.005471384577,46788.88796743414,43062.202940785704,1348,812,781,2941,2.9999995498908305e-07,201082.08223556302
distancia,16.23076923076923,0,10200,10201,16.23076923076923,0.1,0.1,100.0,0.98,1,256,2,0.0078125,0.006301769172,40623.51270139477,34839.734772608565,1166,698,688,2552,2.9999995498908305e-07,141744.22596355705
distancia,16.23076923076923,1,10202,10203,16.23076923076923,0.1,0.1,100.0,0.98,1,256,0,0.0,0.006173769176,41465.75498727392,41465.75498726933,1132,676,689,2497,2.9999995498908305e-07,141744.22596355705
distancia,16.23076923076923,2,10204,10205,16.23076923076923,0.1,0.1,100.0,0.98,1,256,1,0.00390625,0.006301769172,40623.51270139477,37387.893239365214,1232,682,701,2615,2.9999995498908305e-07,141744.22596355705
distancia,16.23076923076923,3,10206,10207,16.23076923076923,0.1,0.1,100.0,0.98,1,256,0,0.0,0.006237769174,41040.313108578644,41040.3131085741,1169,677,697,2543,2.9999995498908305e-07,141744.22596355705
distancia,16.23076923076923,4,10208,10209,16.23076923076923,0.1,0.1,100.0,0.98,1,256,3,0.01171875,0.006461769167,39617.633094568264,31746.24168737653,1197,714,708,2619,2.9999995498908305e-07,141744.22596355705
distancia,16.23076923076923,5,10210,10211,16.23076923076923,0.1,0.1,100.0,0.98,1,256,1,0.00390625,0.006205769175,41251.937154107894,37966.264354629166,1184,679,684,2547,2.9999995498908305e-07,141744.22596355705
distancia,16.23076923076923,6,10212,10213,16.23076923076923,0.1,0.1,100.0,0.98,1,256,1,0.00390625,0.006109769178,41900.1098964266,38562.81082929299,1125,712,614,2451,2.9999995498908305e-07,141744.22596355705
distancia,16.23076923076923,7,10214,10215,16.23076923076923,0.1,0.1,100.0,0.98,1,256,0,0.0,0.006141769177,41681.80089845796,41681.80089845334,1175,681,681,2537,2.9999995498908305e-07,141744.22596355705
distancia,16.23076923076923,8,10216,10217,16.23076923076923,0.1,0.1,100.0,0.98,1,256,0,0.0,0.006333769171,40418.27118868333,40418.271188678846,1151,679,690,2520,2.9999995498908305e-07,141744.22596355705
distancia,16.23076923076923,9,10218,10219,16.23076923076923,0.1,0.1,100.0,0.98,1,256,0,0.0,0.006077769179,42120.71772724359,42120.71772723892,1187,674,695,2556,2.9999995498908305e-07,141744.22596355705
distancia,16.23076923076923,10,10220,10221,16.23076923076923,0.1,0.1,100.0,0.98,1,256,0,0.0,0.006397769169,40013.94755541234,40013.94755540791,1174,656,688,2518,2.9999995498908305e-07,141744.22596355705
distancia,16.23076923076923,11,10222,10223,16.23076923076923,0.1,0.1,100.0,0.98,1,256,0,0.0,0.006269769173,40830.84926035761,40830.84926035308,1214,645,707,2566,2.9999995498908305e-07,141744.22596355705
distancia,16.23076923076923,12,10224,10225,16.23076923076923,0.1,0.1,100.0,0.98,1,256,2,0.0078125,0.006237769174,41040.313108578644,35197.19316735991,1173,707,653,2533,2.9999995498908305e-07,141744.22596355705
distancia,16.23076923076923,13,10226,10227,16.23076923076923,0.1,0.1,100.0,0.98,1,256,1,0.00390625,0.006173769176,41465.75498727392,38163.05182541844,1157,703,627,2487,2.9999995498908305e-07,141744.22596355705
distancia,16.23076923076923,14,10228,10229,16.23076923076923,0.1,0.1,100.0,0.98,1,256,0,0.0,0.006269769173,40830.84926035761,40830.84926035308,1208,691,693,2592,2.9999995498908305e-07,141744.22596355705
distancia,16.23076923076923,15,10230,10231,16.23076923076923,0.1,0.1,100.0,0.98,1,256,1,0.00390625,0.006397769169,40013.94755541234,36826.879307164156,1144,711,676,2531,2.9999995498908305e-07,141744.22596355705
distancia,16.23076923076923,16,10232,10233,16.23076923076923,0.1,0.1,100.0,0.98,1,256,0,0.0,0.006237769174,41040.313108578644,41040.3131085741,1143,673,679,2495,2.9999995498908305e-07,141744.22596355705
distancia,16.23076923076923,17,10234,10235,16.23076923076923,0.1,0.1,100.0,0.98,1,256,0,0.0,0.006205769175,41251.937154107894,41251.937154103325,1150,678,671,2499,2.9999995498908305e-07,141744.22596355705
distancia,16.23076923076923,18,10236,10237,16.23076923076923,0.1,0.1,100.0,0.98,1,256,1,0.00390625,0.006141769177,41681.80089845796,38361.889910187834,1224,750,677,2651,2.9999995498908305e-07,141744.22596355705
distancia,16.23076923076923,19,10238,10239,16.23076923076923,0.1,0.1,100.0,0.98,1,256,1,0.00390625,0.006141769177,41681.80089845796,38361.889910187834,1142,696,656,2494,2.9999995498908305e-07,141744.22596355705
distancia,16.23076923076923,20,10240,10241,16.23076923076923,0.1,0.1,100.0,0.98,1,256,0,0.0,0.00636576917,40215.09312754424,40215.09312753979,1186,661,676,2523,2.9999995498908305e-07,141744.22596355705
distancia,16.23076923076923,21,10242,10243,16.23076923076923,0.1,0.1,100.0,0.98,1,256,1,0.00390625,0.006141769177,41681.80089845796,38361.889910187834,1178,687,691,2556,2.9999995498908305e-07,141744.22596355705
distancia,16.23076923076923,22,10244,10245,16.23076923076923,0.1,0.1,100.0,0.98,1,256,1,0.00390625,0.00636576917,40215.09312754424,37012.003848995824,1189,695,721,2605,2.9999995498908305e-07,141744.22596355705
distancia,16.23076923076923,23,10246,10247,16.23076923076923,0.1,0.1,100.0,0.98,1,256,0,0.0,0.006269769173,40830.84926035761,40830.84926035308,1219,649,666,2534,2.9999995498908305e-07,141744.22596355705
distancia,16.23076923076923,24,10248,10249,16.23076923076923,0.1,0.1,100.0,0.98,1,256,1,0.00390625,0.006301769172,40623.51270139477,37387.893239365214,1196,656,676,2528,2.9999995498908305e-07,141744.22596355705
distancia,16.23076923076923,25,10250,10251,16.23076923076923,0.1,0.1,100.0,0.98,1,256,0,0.0,0.006205769175,41251.937154107894,41251.937154103325,1158,676,650,2484,2.9999995498908305e-07,141744.22596355705
distancia,16.23076923076923,26,10252,10253,16.23076923076923,0.1,0.1,100.0,0.98,1,256,1,0.00390625,0.006301769172,40623.51270139477,37387.893239365214,1183,602,686,2471,2.9999995498908305e-07,141744.22596355705
distancia,16.23076923076923,27,10254,10255,16.23076923076923,0.1,0.1,100.0,0.98,1,256,1,0.00390625,0.00636576917,40215.09312754424,37012.003848995824,1145,621,698,2464,2.9999995498908305e-07,141744.22596355705
distancia,16.23076923076923,28,10256,10257,16.23076923076923,0.1,0.1,100.0,0.98,1,256,1,0.00390625,0.006301769172,40623.51270139477,37387.893239365214,1134,686,675,2495,2.9999995498908305e-07,141744.22596355705
distancia,16.23076923076923,29,10258,10259,16.23076923076923,0.1,0.1,100.0,0.98,1,256,0,0.0,0.006237769174,41040.313108578644,41040.3131085741,1183,659,682,2524,2.9999995498908305e-07,141744.22596355705
distancia,23.846153846153847,0,10300,10301,23.846153846153847,0.1,0.1,100.0,0.98,1,256,0,0.0,0.007228153764,35417.06614972891,35417.06614972499,1028,592,600,2220,2.9999995498908305e-07,99887.97901319902
distancia,23.846153846153847,1,10302,10303,23.846153846153847,0.1,0.1,100.0,0.98,1,256,0,0.0,0.0072921537619999996,35106.226274881454,35106.22627487756,976,632,598,2206,2.9999995498908305e-07,99887.97901319902
distancia,23.846153846153847,2,10304,10305,23.846153846153847,0.1,0.1,100.0,0.98,1,256,3,0.01171875,0.007068153769,36218.79324736576,29022.697073077743,992,594,605,2191,2.9999995498908305e-07,99887.97901319902
distancia,23.846153846153847,3,10306,10307,23.846153846153847,0.1,0.1,100.0,0.98,1,256,0,0.0,0.0072921537619999996,35106.226274881454,35106.22627487756,1005,593,601,2199,2.9999995498908305e-07,99887.97901319902
distancia,23.846153846153847,4,10308,10309,23.846153846153847,0.1,0.1,100.0,0.98,1,256,0,0.0,0.007068153769,36218.79324736576,36218.79324736174,954,613,620,2187,2.9999995498908305e-07,99887.97901319902
distancia,23.846153846153847,5,10310,10311,23.846153846153847,0.1,0.1,100.0,0.98,1,256,0,0.0,0.00703615377,36383.514114132275,36383.514114128244,996,546,598,2140,2.9999995498908305e-07,99887.97901319902
distancia,23.846153846153847,6,10312,10313,23.846153846153847,0.1,0.1,100.0,0.98,1,256,2,0.0078125,0.007260153763,35260.96118027907,30240.67722499021,1039,642,578,2259,2.9999995498908305e-07,99887.97901319902
distancia,23.846153846153847,7,10314,10315,23.846153846153847,0.1,0.1,100.0,0.98,1,256,1,0.00390625,0.007228153764,35417.06614972891,32596.13460290784,974,596,595,2165,2.9999995498908305e-07,99887.97901319902
distancia,23.846153846153847,8,10316,10317,23.846153846153847,0.1,0.1,100.0,0.98,1,256,0,0.0,0.007228153764,35417.06614972891,35417.06614972499,1014,611,621,2246,2.9999995498908305e-07,99887.97901319902
distancia,23.846153846153847,9,10318,10319,23.846153846153847,0.1,0.1,100.0,0.98,1,256,0,0.0,0.00735615376,34800.795137267494,34800.79513726364,956,598,593,2147,2.9999995498908305e-07,99887.97901319902
distancia,23.846153846153847,10,10320,10321,23.846153846153847,0.1,0.1,100.0,0.98,1,256,3,0.01171875,0.007164153766,35733.45971647588,28633.79156895942,994,602,639,2235,2.9999995498908305e-07,99887.97901319902
distancia,23.846153846153847,11,10322,10323,23.846153846153847,0.1,0.1,100.0,0.98,1,256,0,0.0,0.00735615376,34800.795137267494,34800.79513726364,1014,617,629,2260,2.9999995498908305e-07,99887.97901319902
distancia,23.846153846153847,12,10324,10325,23.846153846153847,0.1,0.1,100.0,0.98,1,256,2,0.0078125,0.007516153755,34059.97380371578,29210.680583087815,987,656,652,2295,2.9999995498908305e-07,99887.97901319902
distancia,23.846153846153847,13,10326,10327,23.846153846153847,0.1,0.1,100.0,0.98,1,256,0,0.0,0.0074521537569999996,34352.4849791958,34352.48497919199,966,616,635,2217,2.9999995498908305e-07,99887.97901319902
distancia,23.846153846153847,14,10328,10329,23.846153846153847,0.1,0.1,100.0,0.98,1,256,0,0.0,0.007164153766,35733.45971647588,35733.45971647192,986,601,617,2204,2.9999995498908305e-07,99887.97901319902
distancia,23.846153846153847,15,10330,10331,23.846153846153847,0.1,0.1,100.0,0.98,1,256,0,0.0,0.007196153765,35574.55946051481,35574.55946051086,985,602,593,2180,2.9999995498908305e-07,99887.97901319902
distancia,23.846153846153847,16,10332,10333,23.846153846153847,0.1,0.1,100.0,0.98,1,256,2,0.0078125,0.007420153758,34500.632783248584,29588.600682832515,1072,570,604,2246,2.9999995498908305e-07,99887.97901319902
distancia,23.846153846153847,17,10334,10335,23.846153846153847,0.1,0.1,100.0,0.98,1,256,0,0.0,0.007164153766,35733.45971647588,35733.45971647192,979,653,588,2220,2.9999995498908305e-07,99887.97901319902
distancia,23.846153846153847,18,10336,10337,23.846153846153847,0.1,0.1,100.0,0.98,1,256,0,0.0,0.007196153765,35574.55946051481,35574.55946051086,935,607,615,2157,2.9999995498908305e-07,99887.97901319902
distancia,23.846153846153847,19,10338,10339,23.846153846153847,0.1,0.1,100.0,0.98,1,256,0,0.0,0.00735615376,34800.795137267494,34800.79513726364,968,612,591,2171,2.9999995498908305e-07,99887.97901319902
distancia,23.846153846153847,20,10340,10341,23.846153846153847,0.1,0.1,100.0,0.98,1,256,1,0.00390625,0.007196153765,35574.55946051481,32741.083739454938,971,595,637,2203,2.9999995498908305e-07,99887.97901319902
distancia,23.846153846153847,21,10342,10343,23.846153846153847,0.1,0.1,100.0,0.98,1,256,1,0.00390625,0.007228153764,35417.06614972891,32596.13460290784,991,634,582,2207,2.9999995498908305e-07,99887.97901319902
distancia,23.846153846153847,22,10344,10345,23.846153846153847,0.1,0.1,100.0,0.98,1,256,1,0.00390625,0.00703615377,36383.514114132275,33485.60601765515,986,603,553,2142,2.9999995498908305e-07,99887.97901319902
distancia,23.846153846153847,23,10346,10347,23.846153846153847,0.1,0.1,100.0,0.98,1,256,0,0.0,0.0071321537669999996,35893.78585533236,35893.78585532838,965,632,580,2177,2.9999995498908305e-07,99887.97901319902
distancia,23.846153846153847,24,10348,10349,23.846153846153847,0.1,0.1,100.0,0.98,1,256,3,0.01171875,0.007164153766,35733.45971647588,28633.79156895942,1035,613,608,2256,2.9999995498908305e-07,99887.97901319902
distancia,23.846153846153847,25,10350,10351,23.846153846153847,0.1,0.1,100.0,0.98,1,256,0,0.0,0.007004153771,36549.74010706939,36549.740107065336,982,622,550,2154,2.9999995498908305e-07,99887.97901319902
distancia,23.846153846153847,26,10352,10353,23.846153846153847,0.1,0.1,100.0,0.98,1,256,1,0.00390625,0.007324153761,34952.84347567372,32168.886769751545,1046,605,639,2290,2.9999995498908305e-07,99887.97901319902
distancia,23.846153846153847,27,10354,10355,23.846153846153847,0.1,0.1,100.0,0.98,1,256,2,0.0078125,0.007164153766,35733.45971647588,30645.90372035868,964,607,554,2125,2.9999995498908305e-07,99887.97901319902
distancia,23.846153846153847,28,10356,10357,23.846153846153847,0.1,0.1,100.0,0.98,1,256,1,0.00390625,0.007196153765,35574.55946051481,32741.083739454938,965,604,574,2143,2.9999995498908305e-07,99887.97901319902
distancia,23.846153846153847,29,10358,10359,23.846153846153847,0.1,0.1,100.0,0.98,1,256,1,0.00390625,0.007100153768,36055.55715620946,33183.77048166753,979,597,646,2222,2.9999995498908305e-07,99887.97901319902
distancia,31.46153846153846,0,10400,10401,31.46153846153846,0.1,0.1,100.0,0.98,1,256,2,0.0078125,0.008730538337999999,29322.361358376984,25147.586328677215,873,553,563,1989,2.9999995498908305e-07,70377.85908942996
distancia,31.46153846153846,1,10402,10403,31.46153846153846,0.1,0.1,100.0,0.98,1,256,1,0.00390625,0.008378538349,30554.255329099764,28120.641477994734,873,521,473,1867,2.9999995498908305e-07,70377.85908942996
distancia,31.46153846153846,2,10404,10405,31.46153846153846,0.1,0.1,100.0,0.98,1,256,1,0.00390625,0.008218538354,31149.091112460846,28668.099225598493,870,503,545,1918,2.9999995498908305e-07,70377.85908942996
distancia,31.46153846153846,3,10406,10407,31.46153846153846,0.1,0.1,100.0,0.98,1,256,1,0.00390625,0.008922538332,28691.38696573324,26406.148593036825,915,589,544,2048,2.9999995498908305e-07,70377.85908942996
distancia,31.46153846153846,4,10408,10409,31.46153846153846,0.1,0.1,100.0,0.98,1,256,0,0.0,0.008154538356,31393.56133037729,31393.561330373814,844,584,541,1969,2.9999995498908305e-07,70377.85908942996
distancia,31.46153846153846,5,10410,10411,31.46153846153846,0.1,0.1,100.0,0.98,1,256,0,0.0,0.008410538347999999,30438.004014436963,30438.00401443359,831,519,539,1889,2.9999995498908305e-07,70377.85908942996
distancia,31.46153846153846,6,10412,10413,31.46153846153846,0.1,0.1,100.0,0.98,1,256,2,0.0078125,0.008570538342999999,29869.76894037099,25617.05668465978,847,557,583,1987,2.9999995498908305e-07,70377.85908942996
distancia,31.46153846153846,7,10414,10415,31.46153846153846,0.1,0.1,100.0,0.98,1,256,2,0.0078125,0.008890538332999999,28794.65679257873,24695.013769385107,873,589,613,2075,2.9999995498908305e-07,70377.85908942996
distancia,31.46153846153846,8,10416,10417,31.46153846153846,0.1,0.1,100.0,0.98,1,256,0,0.0,0.008410538347999999,30438.004014436963,30438.00401443359,919,532,533,1984,2.9999995498908305e-07,70377.85908942996
distancia,31.46153846153846,9,10418,10419,31.46153846153846,0.1,0.1,100.0,0.98,1,256,0,0.0,0.008250538352999999,31028.27828282444,31028.278282821004,870,512,489,1871,2.9999995498908305e-07,70377.85908942996
distancia,31.46153846153846,10,10420,10421,31.46153846153846,0.1,0.1,100.0,0.98,1,256,3,0.01171875,0.008570538342999999,29869.76894037099,23935.122566853177,886,562,541,1989,2.9999995498908305e-07,70377.85908942996
distancia,31.46153846153846,11,10422,10423,31.46153846153846,0.1,0.1,100.0,0.98,1,256,1,0.00390625,0.00866653834,29538.898918665604,27186.157122782533,915,481,548,1944,2.9999995498908305e-07,70377.85908942996
distancia,31.46153846153846,12,10424,10425,31.46153846153846,0.1,0.1,100.0,0.98,1,256,0,0.0,0.008538538344,29981.71228918709,29981.712289183768,930,521,545,1996,2.9999995498908305e-07,70377.85908942996
distancia,31.46153846153846,13,10426,10427,31.46153846153846,0.1,0.1,100.0,0.98,1,256,0,0.0,0.008410538347999999,30438.004014436963,30438.00401443359,906,510,515,1931,2.9999995498908305e-07,70377.85908942996
distancia,31.46153846153846,14,10428,10429,31.46153846153846,0.1,0.1,100.0,0.98,1,256,1,0.00390625,0.009114538326,28086.995834966005,25849.89657125711,907,548,624,2079,2.9999995498908305e-07,70377.85908942996
distancia,31.46153846153846,15,10430,10431,31.46153846153846,0.1,0.1,100.0,0.98,1,256,0,0.0,0.008378538349,30554.255329099764,30554.255329096377,830,542,567,1939,2.9999995498908305e-07,70377.85908942996
distancia,31.46153846153846,16,10432,10433,31.46153846153846,0.1,0.1,100.0,0.98,1,256,0,0.0,0.00834653835,30671.39804132093,30671.39804131753,845,496,540,1881,2.9999995498908305e-07,70377.85908942996
distancia,31.46153846153846,17,10434,10435,31.46153846153846,0.1,0.1,100.0,0.98,1,256,3,0.01171875,0.00866653834,29538.898918665604,23669.991137847974,867,526,532,1925,2.9999995498908305e-07,70377.85908942996
distancia,31.46153846153846,18,10436,10437,31.46153846153846,0.1,0.1,100.0,0.98,1,256,1,0.00390625,0.009114538326,28086.995834966005,25849.89657125711,873,526,529,1928,2.9999995498908305e-07,70377.85908942996
distancia,31.46153846153846,19,10438,10439,31.46153846153846,0.1,0.1,100.0,0.98,1,256,1,0.00390625,0.009050538327999999,28285.61028331353,26032.691590614406,863,557,593,2013,2.9999995498908305e-07,70377.85908942996
distancia,31.46153846153846,20,10440,10441,31.46153846153846,0.1,0.1,100.0,0.98,1,256,1,0.00390625,0.008282538352,30908.398985944114,28446.57797026268,861,549,525,1935,2.9999995498908305e-07,70377.85908942996
distancia,31.46153846153846,21,10442,10443,31.46153846153846,0.1,0.1,100.0,0.98,1,256,0,0.0,0.008602538342,29758.658412498597,29758.6584124953,868,527,575,1970,2.9999995498908305e-07,70377.85908942996
distancia,31.46153846153846,22,10444,10445,31.46153846153846,0.1,0.1,100.0,0.98,1,256,3,0.01171875,0.008570538342999999,29869.76894037099,23935.122566853177,847,537,505,1889,2.9999995498908305e-07,70377.85908942996
distancia,31.46153846153846,23,10446,10447,31.46153846153846,0.1,0.1,100.0,0.98,1,256,2,0.0078125,0.008250538352999999,31028.27828282444,26610.623108108968,862,523,493,1878,2.9999995498908305e-07,70377.85908942996
distancia,31.46153846153846,24,10448,10449,31.46153846153846,0.1,0.1,100.0,0.98,1,256,1,0.00390625,0.008410538347999999,30438.004014436963,28013.64945656377,850,565,523,1938,2.9999995498908305e-07,70377.85908942996
distancia,31.46153846153846,25,10450,10451,31.46153846153846,0.1,0.1,100.0,0.98,1,256,0,0.0,0.008314538351,30789.442443212807,30789.442443209395,883,497,505,1885,2.9999995498908305e-07,70377.85908942996
distancia,31.46153846153846,26,10452,10453,31.46153846153846,0.1,0.1,100.0,0.98,1,256,3,0.01171875,0.008634538341,29648.37144615095,23757.713221279413,853,556,531,1940,2.9999995498908305e-07,70377.85908942996
distancia,31.46153846153846,27,10454,10455,31.46153846153846,0.1,0.1,100.0,0.98,1,256,2,0.0078125,0.008698538339,29430.23184162113,25240.098737774966,911,600,547,2058,2.9999995498908305e-07,70377.85908942996
distancia,31.46153846153846,28,10456,10457,31.46153846153846,0.1,0.1,100.0,0.98,1,256,1,0.00390625,0.008698538339,29430.23184162113,27086.145262532125,893,554,516,1963,2.9999995498908305e-07,70377.85908942996
distancia,31.46153846153846,29,10458,10459,31.46153846153846,0.1,0.1,100.0,0.98,1,256,0,0.0,0.008314538351,30789.442443212807,30789.442443209395,877,544,546,1967,2.9999995498908305e-07,70377.85908942996
distancia,39.07692307692307,0,10500,10501,39.07692307692307,0.1,0.1,100.0,0.98,1,256,1,0.00390625,0.009912922922,25824.87546956032,23767.951680423543,777,452,490,1719,2.9999995498908305e-07,49579.53566841589
distancia,39.07692307692307,1,10502,10503,39.07692307692307,0.1,0.1,100.0,0.98,1,256,2,0.0078125,0.010136922914999999,25254.211968129584,21658.640239416392,782,490,483,1755,2.9999995498908305e-07,49579.53566841589
distancia,39.07692307692307,2,10504,10505,39.07692307692307,0.1,0.1,100.0,0.98,1,256,3,0.01171875,0.009720922928,26334.94801842544,21102.614147134787,765,439,479,1683,2.9999995498908305e-07,49579.53566841589
distancia,39.07692307692307,3,10506,10507,39.07692307692307,0.1,0.1,100.0,0.98,1,256,0,0.0,0.010360922908,24708.2236083751,24708.223608372362,816,497,468,1781,2.9999995498908305e-07,49579.53566841589
distancia,39.07692307692307,4,10508,10509,39.07692307692307,0.1,0.1,100.0,0.98,1,256,1,0.00390625,0.009944922921,25741.77819512534,23691.473015274758,802,473,459,1734,2.9999995498908305e-07,49579.53566841589
distancia,39.07692307692307,5,10510,10511,39.07692307692307,0.1,0.1,100.0,0.98,1,256,0,0.0,0.009784922926,26162.69968972058,26162.69968971768,743,526,508,1777,2.9999995498908305e-07,49579.53566841589
distancia,39.07692307692307,6,10512,10513,39.07692307692307,0.1,0.1,100.0,0.98,1,256,2,0.0078125,0.010168922914,25174.740940119984,21590.483909403454,809,494,457,1760,2.9999995498908305e-07,49579.53566841589
distancia,39.07692307692307,7,10514,10515,39.07692307692307,0.1,0.1,100.0,0.98,1,256,0,0.0,0.009848922924,25992.689959647818,25992.689959644937,711,494,468,1673,2.9999995498908305e-07,49579.53566841589
distancia,39.07692307692307,8,10516,10517,39.07692307692307,0.1,0.1,100.0,0.98,1,256,0,0.0,0.010040922918,25495.664302041205,25495.664302038378,805,499,471,1775,2.9999995498908305e-07,49579.53566841589
distancia,39.07692307692307,9,10518,10519,39.07692307692307,0.1,0.1,100.0,0.98,1,256,0,0.0,0.010200922913,25095.768508725327,25095.768508722547,794,501,516,1811,2.9999995498908305e-07,49579.53566841589
distancia,39.07692307692307,10,10520,10521,39.07692307692307,0.1,0.1,100.0,0.98,1,256,1,0.00390625,0.009976922919999999,25659.213973360038,23615.48494571901,796,452,513,1761,2.9999995498908305e-07,49579.53566841589
distancia,39.07692307692307,11,10522,10523,39.07692307692307,0.1,0.1,100.0,0.98,1,256,2,0.0078125,0.010136922914999999,25254.211968129584,21658.640239416392,805,470,477,1752,2.9999995498908305e-07,49579.53566841589
distancia,39.07692307692307,12,10524,10525,39.07692307692307,0.1,0.1,100.0,0.98,1,256,1,0.00390625,0.009912922922,25824.87546956032,23767.951680423543,768,491,484,1743,2.9999995498908305e-07,49579.53566841589
distancia,39.07692307692307,13,10526,10527,39.07692307692307,0.1,0.1,100.0,0.98,1,256,1,0.00390625,0.010360922908,24708.2236083751,22740.239949081853,808,539,516,1863,2.9999995498908305e-07,49579.53566841589
distancia,39.07692307692307,14,10528,10529,39.07692307692307,0.1,0.1,100.0,0.98,1,256,1,0.00390625,0.011352922877,22549.259144412314,20753.234702156158,842,535,528,1905,2.9999995498908305e-07,49579.53566841589
distancia,39.07692307692307,15,10530,10531,39.07692307692307,0.1,0.1,100.0,0.98,1,256,1,0.00390625,0.010584922901,24185.34385128253,22259.00700699482,832,470,484,1786,2.9999995498908305e-07,49579.53566841589
distancia,39.07692307692307,16,10532,10533,39.07692307692307,0.1,0.1,100.0,0.98,1,256,0,0.0,0.009944922921,25741.77819512534,25741.778195122486,797,488,456,1741,2.9999995498908305e-07,49579.53566841589
distancia,39.07692307692307,17,10534,10535,39.07692307692307,0.1,0.1,100.0,0.98,1,256,0,0.0,0.009720922928,26334.94801842544,26334.94801842252,764,474,481,1719,2.9999995498908305e-07,49579.53566841589
distancia,39.07692307692307,18,10536,10537,39.07692307692307,0.1,0.1,100.0,0.98,1,256,3,0.01171875,0.010424922906,24556.536514304655,19677.544625826864,797,493,476,1766,2.9999995498908305e-07,49579.53566841589
distancia,39.07692307692307,19,10538,10539,39.07692307692307,0.1,0.1,100.0,0.98,1,256,3,0.01171875,0.010008922919,25577.177691520996,20495.400690338727,779,513,485,1777,2.9999995498908305e-07,49579.53566841589
distancia,39.07692307692307,20,10540,10541,39.07692307692307,0.1,0.1,100.0,0.98,1,256,1,0.00390625,0.010584922901,24185.34385128253,22259.00700699482,763,548,484,1795,2.9999995498908305e-07,49579.53566841589
distancia,39.07692307692307,21,10542,10543,39.07692307692307,0.1,0.1,100.0,0.98,1,256,0,0.0,0.009944922921,25741.77819512534,25741.778195122486,780,501,487,1768,2.9999995498908305e-07,49579.53566841589
distancia,39.07692307692307,22,10544,10545,39.07692307692307,0.1,0.1,100.0,0.98,1,256,4,0.015625,0.009720922928,26334.94801842544,19729.917558243043,778,467,473,1718,2.9999995498908305e-07,49579.53566841589
distancia,39.07692307692307,23,10546,10547,39.07692307692307,0.1,0.1,100.0,0.98,1,256,0,0.0,0.009752922927,26248.541274871495,26248.54127486859,780,483,491,1754,2.9999995498908305e-07,49579.53566841589
distancia,39.07692307692307,24,10548,10549,39.07692307692307,0.1,0.1,100.0,0.98,1,256,2,0.0078125,0.010040922918,25495.664302041205,21865.715765738845,828,495,498,1821,2.9999995498908305e-07,49579.53566841589
distancia,39.07692307692307,25,10550,10551,39.07692307692307,0.1,0.1,100.0,0.98,1,256,1,0.00390625,0.009784922926,26162.69968972058,24078.86856173474,788,496,484,1768,2.9999995498908305e-07,49579.53566841589
distancia,39.07692307692307,26,10552,10553,39.07692307692307,0.1,0.1,100.0,0.98,1,256,0,0.0,0.009816922924999999,26077.417736270963,26077.417736268075,749,475,481,1705,2.9999995498908305e-07,49579.53566841589
distancia,39.07692307692307,27,10554,10555,39.07692307692307,0.1,0.1,100.0,0.98,1,256,0,0.0,0.009816922924999999,26077.417736270963,26077.417736268075,740,483,491,1714,2.9999995498908305e-07,49579.53566841589
distancia,39.07692307692307,28,10556,10557,39.07692307692307,0.1,0.1,100.0,0.98,1,256,1,0.00390625,0.010392922907,24632.146537676614,22670.222335928942,748,516,508,1772,2.9999995498908305e-07,49579.53566841589
distancia,39.07692307692307,29,10558,10559,39.07692307692307,0.1,0.1,100.0,0.98,1,256,0,0.0,0.010168922914,25174.740940119984,25174.740940117194,817,482,523,1822,2.9999995498908305e-07,49579.53566841589
distancia,46.69230769230769,0,10600,10601,46.69230769230769,0.1,0.1,100.0,0.98,1,256,0,0.0,0.012695307456,20164.931088692178,20164.931088689944,743,475,447,1665,2.9999995498908305e-07,34924.8097785404
distancia,46.69230769230769,1,10602,10603,46.69230769230769,0.1,0.1,100.0,0.98,1,256,3,0.01171875,0.012407307465,20633.002020958622,16533.55381756228,744,453,427,1624,2.9999995498908305e-07,34924.8097785404
distancia,46.69230769230769,2,10604,10605,46.69230769230769,0.1,0.1,100.0,0.98,1,256,0,0.0,0.012215307471,20957.31119398853,20957.31119398621,701,485,510,1696,2.9999995498908305e-07,34924.8097785404
distancia,46.69230769230769,3,10606,10607,46.69230769230769,0.1,0.1,100.0,0.98,1,256,0,0.0,0.012855307451,19913.953903925187,19913.95390392298,719,485,461,1665,2.9999995498908305e-07,34924.8097785404
distancia,46.69230769230769,4,10608,10609,46.69230769230769,0.1,0.1,100.0,0.98,1,256,1,0.00390625,0.012471307463,20527.118007434536,18892.15495014205,705,446,465,1616,2.9999995498908305e-07,34924.8097785404
distancia,46.69230769230769,5,10610,10611,46.69230769230769,0.1,0.1,100.0,0.98,1,256,0,0.0,0.013335307436,19197.15771298248,19197.15771298035,725,524,463,1712,2.9999995498908305e-07,34924.8097785404
distancia,46.69230769230769,6,10612,10613,46.69230769230769,0.1,0.1,100.0,0.98,1,256,0,0.0,0.012279307469,20848.08126568135,20848.08126567904,706,429,457,1592,2.9999995498908305e-07,34924.8097785404
distancia,46.69230769230769,7,10614,10615,46.69230769230769,0.1,0.1,100.0,0.98,1,256,1,0.00390625,0.012599307459,20318.577099024027,18700.224102679305,684,483,503,1670,2.9999995498908305e-07,34924.8097785404
distancia,46.69230769230769,8,10616,10617,46.69230769230769,0.1,0.1,100.0,0.98,1,256,3,0.01171875,0.01256730746,20370.31407203274,16323.057771646156,728,446,472,1646,2.9999995498908305e-07,34924.8097785404
distancia,46.69230769230769,9,10618,10619,46.69230769230769,0.1,0.1,100.0,0.98,1,256,2,0.0078125,0.012023307476999999,21291.97814243007,18260.529972361874,728,437,453,1618,2.9999995498908305e-07,34924.8097785404
distancia,46.69230769230769,10,10620,10621,46.69230769230769,0.1,0.1,100.0,0.98,1,256,0,0.0,0.013559307429,18880.020335882306,18880.020335880214,721,505,483,1709,2.9999995498908305e-07,34924.8097785404
distancia,46.69230769230769,11,10622,10623,46.69230769230769,0.1,0.1,100.0,0.98,1,256,1,0.00390625,0.012759307454,20063.78488197217,18465.72581398186,735,454,501,1690,2.9999995498908305e-07,34924.8097785404
distancia,46.69230769230769,12,10624,10625,46.69230769230769,0.1,0.1,100.0,0.98,1,256,3,0.01171875,0.011991307478,21348.79790795737,17107.132485759088,765,467,446,1678,2.9999995498908305e-07,34924.8097785404
distancia,46.69230769230769,13,10626,10627,46.69230769230769,0.1,0.1,100.0,0.98,1,256,2,0.0078125,0.012439307464,20579.92382139257,17649.854478320103,701,484,461,1646,2.9999995498908305e-07,34924.8097785404
distancia,46.69230769230769,14,10628,10629,46.69230769230769,0.1,0.1,100.0,0.98,1,256,2,0.0078125,0.012279307469,20848.08126568135,17879.83297144044,724,421,412,1557,2.9999995498908305e-07,34924.8097785404
distancia,46.69230769230769,15,10630,10631,46.69230769230769,0.1,0.1,100.0,0.98,1,256,1,0.00390625,0.012663307456999999,20215.887584604825,18605.713698566084,739,460,449,1648,2.9999995498908305e-07,34924.8097785404
distancia,46.69230769230769,16,10632,10633,46.69230769230769,0.1,0.1,100.0,0.98,1,256,0,0.0,0.011831307483,21637.50712825591,21637.507128253514,694,448,448,1590,2.9999995498908305e-07,34924.8097785404
distancia,46.69230769230769,17,10634,10635,46.69230769230769,0.1,0.1,100.0,0.98,1,256,0,0.0,0.012695307456,20164.931088692178,20164.931088689944,726,433,483,1642,2.9999995498908305e-07,34924.8097785404
distancia,46.69230769230769,18,10636,10637,46.69230769230769,0.1,0.1,100.0,0.98,1,256,2,0.0078125,0.012119307474,21123.319178856244,18115.883850764087,715,447,428,1590,2.9999995498908305e-07,34924.8097785404
distancia,46.69230769230769,19,10638,10639,46.69230769230769,0.1,0.1,100.0,0.98,1,256,2,0.0078125,0.012951307448,19766.34413381428,16952.108305064234,675,423,498,1596,2.9999995498908305e-07,34924.8097785404
distancia,46.69230769230769,20,10640,10641,46.69230769230769,0.1,0.1,100.0,0.98,1,256,2,0.0078125,0.012535307461,20422.315192225666,17514.6853983242,688,477,438,1603,2.9999995498908305e-07,34924.8097785404
distancia,46.69230769230769,21,10642,10643,46.69230769230769,0.1,0.1,100.0,0.98,1,256,0,0.0,0.012535307461,20422.315192225666,20422.315192223403,705,487,461,1653,2.9999995498908305e-07,34924.8097785404
distancia,46.69230769230769,22,10644,10645,46.69230769230769,0.1,0.1,100.0,0.98,1,256,0,0.0,0.013463307431999999,19014.64415731393,19014.644157311825,717,470,485,1672,2.9999995498908305e-07,34924.8097785404
distancia,46.69230769230769,23,10646,10647,46.69230769230769,0.1,0.1,100.0,0.98,1,256,0,0.0,0.013111307443,19525.131350396023,19525.131350393858,761,489,495,1745,2.9999995498908305e-07,34924.8097785404
distancia,46.69230769230769,24,10648,10649,46.69230769230769,0.1,0.1,100.0,0.98,1,256,1,0.00390625,0.012151307473,21067.69173348857,19389.672555433237,685,455,456,1596,2.9999995498908305e-07,34924.8097785404
distancia,46.69230769230769,25,10650,10651,46.69230769230769,0.1,0.1,100.0,0.98,1,256,1,0.00390625,0.012087307475,21179.241160984864,19492.337189995986,770,406,421,1597,2.9999995498908305e-07,34924.8097785404
distancia,46.69230769230769,26,10652,10653,46.69230769230769,0.1,0.1,100.0,0.98,1,256,0,0.0,0.013047307445,19620.906541763492,19620.906541761316,748,436,451,1635,2.9999995498908305e-07,34924.8097785404
distancia,46.69230769230769,27,10654,10655,46.69230769230769,0.1,0.1,100.0,0.98,1,256,1,0.00390625,0.01224730747,20902.553530812926,19237.687434482195,708,496,440,1644,2.9999995498908305e-07,34924.8097785404
distancia,46.69230769230769,28,10656,10657,46.69230769230769,0.1,0.1,100.0,0.98,1,256,0,0.0,0.01224730747,20902.553530812926,20902.55353081061,768,478,417,1663,2.9999995498908305e-07,34924.8097785404
distancia,46.69230769230769,29,10658,10659,46.69230769230769,0.1,0.1,100.0,0.98,1,256,0,0.0,0.012407307465,20633.002020958622,20633.002020956337,731,437,457,1625,2.9999995498908305e-07,34924.8097785404
distancia,54.30769230769231,0,10700,10701,54.30769230769231,0.1,0.1,100.0,0.98,1,256,0,0.0,0.014933692012,17142.445404277165,17142.445404275266,674,399,421,1494,2.9999995498908305e-07,24600.73761652248
distancia,54.30769230769231,1,10702,10703,54.30769230769231,0.1,0.1,100.0,0.98,1,256,0,0.0,0.014869692014,17216.227461804374,17216.227461802468,645,462,450,1557,2.9999995498908305e-07,24600.73761652248
distancia,54.30769230769231,2,10704,10705,54.30769230769231,0.1,0.1,100.0,0.98,1,256,0,0.0,0.015605691991,16404.27096393024,16404.270963928422,635,444,420,1499,2.9999995498908305e-07,24600.73761652248
distancia,54.30769230769231,3,10706,10707,54.30769230769231,0.1,0.1,100.0,0.98,1,256,0,0.0,0.015925691981,16074.654734338606,16074.654734336826,684,451,433,1568,2.9999995498908305e-07,24600.73761652248
distancia,54.30769230769231,4,10708,10709,54.30769230769231,0.1,0.1,100.0,0.98,1,256,0,0.0,0.015701691987999998,16303.975405685434,16303.975405683628,663,423,410,1496,2.9999995498908305e-07,24600.73761652248
distancia,54.30769230769231,5,10710,10711,54.30769230769231,0.1,0.1,100.0,0.98,1,256,1,0.00390625,0.015381691998,16643.162535908687,15317.552389717208,647,471,419,1537,2.9999995498908305e-07,24600.73761652248
distancia,54.30769230769231,6,10712,10713,54.30769230769231,0.1,0.1,100.0,0.98,1,256,2,0.0078125,0.017141691942999998,14934.348420871049,12808.06861310663,672,460,485,1617,2.9999995498908305e-07,24600.73761652248
distancia,54.30769230769231,7,10714,10715,54.30769230769231,0.1,0.1,100.0,0.98,1,256,1,0.00390625,0.015861691982999998,16139.514011139025,14854.01893280851,696,395,438,1529,2.9999995498908305e-07,24600.73761652248
distancia,54.30769230769231,8,10716,10717,54.30769230769231,0.1,0.1,100.0,0.98,1,256,0,0.0,0.014613692022,17517.818195060358,17517.818195058415,671,429,428,1528,2.9999995498908305e-07,24600.73761652248
distancia,54.30769230769231,9,10718,10719,54.30769230769231,0.1,0.1,100.0,0.98,1,256,0,0.0,0.016789691954,15247.450679939973,15247.450679938283,706,397,446,1549,2.9999995498908305e-07,24600.73761652248
distancia,54.30769230769231,10,10720,10721,54.30769230769231,0.1,0.1,100.0,0.98,1,256,0,0.0,0.016373691967,15634.836695105148,15634.836695103417,670,458,412,1540,2.9999995498908305e-07,24600.73761652248
distancia,54.30769230769231,11,10722,10723,54.30769230769231,0.1,0.1,100.0,0.98,1,256,0,0.0,0.015253692002,16782.82214997093,16782.82214996907,634,447,438,1519,2.9999995498908305e-07,24600.73761652248
distancia,54.30769230769231,12,10724,10725,54.30769230769231,0.1,0.1,100.0,0.98,1,256,0,0.0,0.014933692012,17142.445404277165,17142.445404275266,672,433,454,1559,2.9999995498908305e-07,24600.73761652248
distancia,54.30769230769231,13,10726,10727,54.30769230769231,0.1,0.1,100.0,0.98,1,256,3,0.01171875,0.015669691989,16337.27071213078,13091.31576087291,661,408,422,1491,2.9999995498908305e-07,24600.73761652248
distancia,54.30769230769231,14,10728,10729,54.30769230769231,0.1,0.1,100.0,0.98,1,256,0,0.0,0.016373691967,15634.836695105148,15634.836695103417,657,447,444,1548,2.9999995498908305e-07,24600.73761652248
distancia,54.30769230769231,15,10730,10731,54.30769230769231,0.1,0.1,100.0,0.98,1,256,0,0.0,0.015541691993,16471.823023857556,16471.82302385573,684,432,393,1509,2.9999995498908305e-07,24600.73761652248
distancia,54.30769230769231,16,10732,10733,54.30769230769231,0.1,0.1,100.0,0.98,1,256,1,0.00390625,0.01627769197,15727.045361947587,14474.402971630805,663,416,432,1511,2.9999995498908305e-07,24600.73761652248
distancia,54.30769230769231,17,10734,10735,54.30769230769231,0.1,0.1,100.0,0.98,1,256,2,0.0078125,0.016437691965,15573.962606495406,13356.617645479833,654,419,486,1559,2.9999995498908305e-07,24600.73761652248
distancia,54.30769230769231,18,10736,10737,54.30769230769231,0.1,0.1,100.0,0.98,1,256,3,0.01171875,0.01563769199,16370.702285459198,13118.10501414152,659,414,446,1519,2.9999995498908305e-07,24600.73761652248
distancia,54.30769230769231,19,10738,10739,54.30769230769231,0.1,0.1,100.0,0.98,1,256,1,0.00390625,0.016341691967999998,15665.452543181851,14417.715955191536,670,434,460,1564,2.9999995498908305e-07,24600.73761652248
distancia,54.30769230769231,20,10740,10741,54.30769230769231,0.1,0.1,100.0,0.98,1,256,2,0.0078125,0.016405691966,15604.34028205257,13382.670295510356,648,437,449,1534,2.9999995498908305e-07,24600.73761652248
distancia,54.30769230769231,21,10742,10743,54.30769230769231,0.1,0.1,100.0,0.98,1,256,3,0.01171875,0.015605691991,16404.27096393024,13145.004131949083,619,448,441,1508,2.9999995498908305e-07,24600.73761652248
distancia,54.30769230769231,22,10744,10745,54.30769230769231,0.1,0.1,100.0,0.98,1,256,0,0.0,0.016373691967,15634.836695105148,15634.836695103417,666,416,416,1498,2.9999995498908305e-07,24600.73761652248
distancia,54.30769230769231,23,10746,10747,54.30769230769231,0.1,0.1,100.0,0.98,1,256,1,0.00390625,0.015477691994999999,16539.933737064912,15222.54565460869,659,426,401,1486,2.9999995498908305e-07,24600.73761652248
distancia,54.30769230769231,24,10748,10749,54.30769230769231,0.1,0.1,100.0,0.98,1,256,0,0.0,0.015317691999999999,16712.700581784775,16712.700581782923,700,414,396,1510,2.9999995498908305e-07,24600.73761652248
distancia,54.30769230769231,25,10750,10751,54.30769230769231,0.1,0.1,100.0,0.98,1,256,0,0.0,0.015829691984,16172.14032078162,16172.140320779828,659,419,452,1530,2.9999995498908305e-07,24600.73761652248
distancia,54.30769230769231,26,10752,10753,54.30769230769231,0.1,0.1,100.0,0.98,1,256,3,0.01171875,0.016949691949,15103.519330633235,12102.691088478596,730,472,457,1659,2.9999995498908305e-07,24600.73761652248
distancia,54.30769230769231,27,10754,10755,54.30769230769231,0.1,0.1,100.0,0.98,1,256,0,0.0,0.01659769196,15423.831254186018,15423.831254184308,683,445,464,1592,2.9999995498908305e-07,24600.73761652248
distancia,54.30769230769231,28,10756,10757,54.30769230769231,0.1,0.1,100.0,0.98,1,256,0,0.0,0.015221692003,16818.10405502527,16818.104055023407,627,424,406,1457,2.9999995498908305e-07,24600.73761652248
distancia,54.30769230769231,29,10758,10759,54.30769230769231,0.1,0.1,100.0,0.98,1,256,3,0.01171875,0.017013691947,15046.704783269577,12057.164684928433,624,450,495,1569,2.9999995498908305e-07,24600.73761652248
distancia,61.92307692307692,0,10800,10801,61.92307692307692,0.1,0.1,100.0,0.98,1,256,0,0.0,0.022452076398,11402.063464508972,11402.063464507708,658,415,429,1502,2.9999995498908305e-07,17328.453867871962
distancia,61.92307692307692,1,10802,10803,61.92307692307692,0.1,0.1,100.0,0.98,1,256,0,0.0,0.020756076451,12333.737573397031,12333.737573395665,629,439,418,1486,2.9999995498908305e-07,17328.453867871962
distancia,61.92307692307692,2,10804,10805,61.92307692307692,0.1,0.1,100.0,0.98,1,256,0,0.0,0.020532076458,12468.295670127103,12468.295670125723,636,421,412,1469,2.9999995498908305e-07,17328.453867871962
distancia,61.92307692307692,3,10806,10807,61.92307692307692,0.1,0.1,100.0,0.98,1,256,2,0.0078125,0.018452076523,13873.77727817805,11898.49642543026,617,418,380,1415,2.9999995498908305e-07,17328.453867871962
distancia,61.92307692307692,4,10808,10809,61.92307692307692,0.1,0.1,100.0,0.98,1,256,1,0.00390625,0.021396076431,11964.810502784094,11011.826106607674,621,434,424,1479,2.9999995498908305e-07,17328.453867871962
distancia,61.92307692307692,5,10810,10811,61.92307692307692,0.1,0.1,100.0,0.98,1,256,4,0.015625,0.020084076472,12746.416314282593,9549.505959453038,634,419,409,1462,2.9999995498908305e-07,17328.453867871962
distancia,61.92307692307692,6,10812,10813,61.92307692307692,0.1,0.1,100.0,0.98,1,256,1,0.00390625,0.019988076474999998,12807.635608168246,11787.521091213905,599,435,407,1441,2.9999995498908305e-07,17328.453867871962
distancia,61.92307692307692,7,10814,10815,61.92307692307692,0.1,0.1,100.0,0.98,1,256,0,0.0,0.020884076447,12258.14321498399,12258.14321498263,645,418,413,1476,2.9999995498908305e-07,17328.453867871962
distancia,61.92307692307692,8,10816,10817,61.92307692307692,0.1,0.1,100.0,0.98,1,256,2,0.0078125,0.019924076477,12848.776217834831,11019.430024981482,663,398,432,1493,2.9999995498908305e-07,17328.453867871962
distancia,61.92307692307692,9,10818,10819,61.92307692307692,0.1,0.1,100.0,0.98,1,256,2,0.0078125,0.020084076472,12746.416314282593,10931.643626071982,641,381,425,1447,2.9999995498908305e-07,17328.453867871962
distancia,61.92307692307692,10,10820,10821,61.92307692307692,0.1,0.1,100.0,0.98,1,256,1,0.00390625,0.020180076469,12685.779481225414,11675.370674823529,615,420,408,1443,2.9999995498908305e-07,17328.453867871962
distancia,61.92307692307692,11,10822,10823,61.92307692307692,0.1,0.1,100.0,0.98,1,256,1,0.00390625,0.019508076489999998,13122.769952805327,12077.555321388785,661,385,425,1471,2.9999995498908305e-07,17328.453867871962
distancia,61.92307692307692,12,10824,10825,61.92307692307692,0.1,0.1,100.0,0.98,1,256,0,0.0,0.021172076438,12091.397872554762,12091.397872553422,632,441,410,1483,2.9999995498908305e-07,17328.453867871962
distancia,61.92307692307692,13,10826,10827,61.92307692307692,0.1,0.1,100.0,0.98,1,256,1,0.00390625,0.022196076406,11533.56995702171,10614.933410400829,686,393,443,1522,2.9999995498908305e-07,17328.453867871962
distancia,61.92307692307692,14,10828,10829,61.92307692307692,0.1,0.1,100.0,0.98,1,256,1,0.00390625,0.019444076492,13165.96342877625,12117.308483064104,621,401,370,1392,2.9999995498908305e-07,17328.453867871962
distancia,61.92307692307692,15,10830,10831,61.92307692307692,0.1,0.1,100.0,0.98,1,256,0,0.0,0.020180076469,12685.779481225414,12685.779481224008,644,426,416,1486,2.9999995498908305e-07,17328.453867871962
distancia,61.92307692307692,16,10832,10833,61.92307692307692,0.1,0.1,100.0,0.98,1,256,1,0.00390625,0.021012076443,12183.469858129338,11213.069477498042,626,444,441,1511,2.9999995498908305e-07,17328.453867871962
distancia,61.92307692307692,17,10834,10835,61.92307692307692,0.1,0.1,100.0,0.98,1,256,0,0.0,0.022004076412,11634.207917056201,11634.207917054911,647,474,397,1518,2.9999995498908305e-07,17328.453867871962
distancia,61.92307692307692,18,10836,10837,61.92307692307692,0.1,0.1,100.0,0.98,1,256,1,0.00390625,0.021620076424,11840.846210692376,10897.73543817418,626,448,410,1484,2.9999995498908305e-07,17328.453867871962
distancia,61.92307692307692,19,10838,10839,61.92307692307692,0.1,0.1,100.0,0.98,1,256,0,0.0,0.020084076472,12746.416314282593,12746.416314281181,603,429,442,1474,2.9999995498908305e-07,17328.453867871962
distancia,61.92307692307692,20,10840,10841,61.92307692307692,0.1,0.1,100.0,0.98,1,256,3,0.01171875,0.021268076434999998,12036.819633519435,9645.29567732954,607,427,430,1464,2.9999995498908305e-07,17328.453867871962
distancia,61.92307692307692,21,10842,10843,61.92307692307692,0.1,0.1,100.0,0.98,1,256,0,0.0,0.019092076503,13408.703865175374,13408.703865173888,632,402,403,1437,2.9999995498908305e-07,17328.453867871962
distancia,61.92307692307692,22,10844,10845,61.92307692307692,0.1,0.1,100.0,0.98,1,256,2,0.0078125,0.019540076489,13101.279319152824,11235.982964256915,642,431,451,1524,2.9999995498908305e-07,17328.453867871962
distancia,61.92307692307692,23,10846,10847,61.92307692307692,0.1,0.1,100.0,0.98,1,256,1,0.00390625,0.019412076493,13187.666970728953,12137.28336104692,629,390,375,1394,2.9999995498908305e-07,17328.453867871962
distancia,61.92307692307692,24,10848,10849,61.92307692307692,0.1,0.1,100.0,0.98,1,256,0,0.0,0.017972076538,14244.319484101678,14244.319484100099,592,370,443,1405,2.9999995498908305e-07,17328.453867871962
distancia,61.92307692307692,25,10850,10851,61.92307692307692,0.1,0.1,100.0,0.98,1,256,1,0.00390625,0.019700076484,12994.873406096569,11959.845598224781,632,452,413,1497,2.9999995498908305e-07,17328.453867871962
distancia,61.92307692307692,26,10852,10853,61.92307692307692,0.1,0.1,100.0,0.98,1,256,0,0.0,0.019124076502,13386.267304108904,13386.267304107421,609,414,435,1458,2.9999995498908305e-07,17328.453867871962
distancia,61.92307692307692,27,10854,10855,61.92307692307692,0.1,0.1,100.0,0.98,1,256,0,0.0,0.020340076464,12585.990050386272,12585.990050384877,606,410,436,1452,2.9999995498908305e-07,17328.453867871962
distancia,61.92307692307692,28,10856,10857,61.92307692307692,0.1,0.1,100.0,0.98,1,256,0,0.0,0.020724076452,12352.782069344974,12352.782069343606,675,419,398,1492,2.9999995498908305e-07,17328.453867871962
distancia,61.92307692307692,29,10858,10859,61.92307692307692,0.1,0.1,100.0,0.98,1,256,2,0.0078125,0.020660076454,12391.048047183573,10626.8709624341,604,434,413,1451,2.9999995498908305e-07,17328.453867871962
distancia,69.53846153846153,0,10900,10901,69.53846153846153,0.1,0.1,100.0,0.98,1,256,4,0.015625,0.028242460838,9064.365937105385,6790.945345011106,589,440,431,1460,2.9999995498908305e-07,12206.296797266925
distancia,69.53846153846153,1,10902,10903,69.53846153846153,0.1,0.1,100.0,0.98,1,256,0,0.0,0.026930460879,9505.964311202162,9505.964311201109,600,373,406,1379,2.9999995498908305e-07,12206.296797266925
distancia,69.53846153846153,2,10904,10905,69.53846153846153,0.1,0.1,100.0,0.98,1,256,13,0.05078125,0.0294584608,8690.20284997375,3252.170397782771,623,431,407,1461,2.9999995498908305e-07,12206.296797266925
distancia,69.53846153846153,3,10906,10907,69.53846153846153,0.1,0.1,100.0,0.98,1,256,0,0.0,0.025842460913,9906.177312673024,9906.177312671927,570,400,408,1378,2.9999995498908305e-07,12206.296797266925
distancia,69.53846153846153,4,10908,10909,69.53846153846153,0.1,0.1,100.0,0.98,1,256,4,0.015625,0.027954460847,9157.751294190075,6860.908854912052,603,428,408,1439,2.9999995498908305e-07,12206.296797266925
distancia,69.53846153846153,5,10910,10911,69.53846153846153,0.1,0.1,100.0,0.98,1,256,3,0.01171875,0.026482460893,9666.775343664056,7746.141362483525,575,410,405,1390,2.9999995498908305e-07,12206.296797266925
distancia,69.53846153846153,6,10912,10913,69.53846153846153,0.1,0.1,100.0,0.98,1,256,1,0.00390625,0.024690460949,10368.37669935718,9542.546553040414,594,380,392,1366,2.9999995498908305e-07,12206.296797266925
distancia,69.53846153846153,7,10914,10915,69.53846153846153,0.1,0.1,100.0,0.98,1,256,4,0.015625,0.028562460828,8962.813167310893,6714.8628794427395,611,429,394,1434,2.9999995498908305e-07,12206.296797266925
distancia,69.53846153846153,8,10916,10917,69.53846153846153,0.1,0.1,100.0,0.98,1,256,3,0.01171875,0.026034460906999998,9833.120836051887,7879.436660371317,590,361,388,1339,2.9999995498908305e-07,12206.296797266925
distancia,69.53846153846153,9,10918,10919,69.53846153846153,0.1,0.1,100.0,0.98,1,256,0,0.0,0.027314460867,9372.324837254493,9372.324837253454,628,433,469,1530,2.9999995498908305e-07,12206.296797266925
distancia,69.53846153846153,10,10920,10921,69.53846153846153,0.1,0.1,100.0,0.98,1,256,2,0.0078125,0.026610460889,9620.276817746626,8250.588648821093,617,387,420,1424,2.9999995498908305e-07,12206.296797266925
distancia,69.53846153846153,11,10922,10923,69.53846153846153,0.1,0.1,100.0,0.98,1,256,2,0.0078125,0.028210460839,9074.647927980273,7782.64374352786,628,407,445,1480,2.9999995498908305e-07,12206.296797266925
distancia,69.53846153846153,12,10924,10925,69.53846153846153,0.1,0.1,100.0,0.98,1,256,2,0.0078125,0.026738460885,9574.223479093867,8211.092160276414,622,386,404,1412,2.9999995498908305e-07,12206.296797266925
distancia,69.53846153846153,13,10926,10927,69.53846153846153,0.1,0.1,100.0,0.98,1,256,2,0.0078125,0.026066460906,9821.049390754604,8422.776200513834,595,403,381,1379,2.9999995498908305e-07,12206.296797266925
distancia,69.53846153846153,14,10928,10929,69.53846153846153,0.1,0.1,100.0,0.98,1,256,1,0.00390625,0.027026460876,9472.19841970995,8717.747917600445,623,402,397,1422,2.9999995498908305e-07,12206.296797266925
distancia,69.53846153846153,15,10930,10931,69.53846153846153,0.1,0.1,100.0,0.98,1,256,10,0.0390625,0.030354460772,8433.686301426353,4098.513076581611,655,433,438,1526,2.9999995498908305e-07,12206.296797266925
distancia,69.53846153846153,16,10932,10933,69.53846153846153,0.1,0.1,100.0,0.98,1,256,1,0.00390625,0.026546460891,9643.470029814454,8875.377926619867,608,376,383,1367,2.9999995498908305e-07,12206.296797266925
distancia,69.53846153846153,17,10934,10935,69.53846153846153,0.1,0.1,100.0,0.98,1,256,16,0.0625,0.03137846074,8158.462651217989,2214.642883195041,663,445,438,1546,2.9999995498908305e-07,12206.296797266925
distancia,69.53846153846153,18,10936,10937,69.53846153846153,0.1,0.1,100.0,0.98,1,256,1,0.00390625,0.025714460916999998,9955.487724448336,9162.543744640421,578,391,367,1336,2.9999995498908305e-07,12206.296797266925
distancia,69.53846153846153,19,10938,10939,69.53846153846153,0.1,0.1,100.0,0.98,1,256,1,0.00390625,0.026546460891,9643.470029814454,8875.377926619867,612,375,361,1348,2.9999995498908305e-07,12206.296797266925
distancia,69.53846153846153,20,10940,10941,69.53846153846153,0.1,0.1,100.0,0.98,1,256,0,0.0,0.026066460906,9821.049390754604,9821.049390753516,624,391,417,1432,2.9999995498908305e-07,12206.296797266925
distancia,69.53846153846153,21,10942,10943,69.53846153846153,0.1,0.1,100.0,0.98,1,256,1,0.00390625,0.026738460885,9574.223479093867,8811.646789813307,605,373,419,1397,2.9999995498908305e-07,12206.296797266925
distancia,69.53846153846153,22,10944,10945,69.53846153846153,0.1,0.1,100.0,0.98,1,256,10,0.0390625,0.0294584608,8690.20284997375,4223.172257751686,637,428,406,1471,2.9999995498908305e-07,12206.296797266925
distancia,69.53846153846153,23,10946,10947,69.53846153846153,0.1,0.1,100.0,0.98,1,256,6,0.0234375,0.028562460828,8962.813167310893,5858.90090964515,598,423,413,1434,2.9999995498908305e-07,12206.296797266925
distancia,69.53846153846153,24,10948,10949,69.53846153846153,0.1,0.1,100.0,0.98,1,256,1,0.00390625,0.027474460862,9317.744260236761,8575.595867205227,599,406,404,1409,2.9999995498908305e-07,12206.296797266925
distancia,69.53846153846153,25,10950,10951,69.53846153846153,0.1,0.1,100.0,0.98,1,256,1,0.00390625,0.025554460921999998,10017.820402527372,9219.91169138774,604,425,404,1433,2.9999995498908305e-07,12206.296797266925
distancia,69.53846153846153,26,10952,10953,69.53846153846153,0.1,0.1,100.0,0.98,1,256,1,0.00390625,0.027634460857,9263.795712343468,8525.94426361596,635,437,392,1464,2.9999995498908305e-07,12206.296797266925
distancia,69.53846153846153,27,10954,10955,69.53846153846153,0.1,0.1,100.0,0.98,1,256,2,0.0078125,0.027090460874,9449.82077605388,8104.401308336378,625,392,404,1421,2.9999995498908305e-07,12206.296797266925
distancia,69.53846153846153,28,10956,10957,69.53846153846153,0.1,0.1,100.0,0.98,1,256,0,0.0,0.0262584609,9749.238577802555,9749.238577801474,661,418,420,1499,2.9999995498908305e-07,12206.296797266925
distancia,69.53846153846153,29,10958,10959,69.53846153846153,0.1,0.1,100.0,0.98,1,256,0,0.0,0.025266460931,10132.008621987408,10132.008621986286,612,403,431,1446,2.9999995498908305e-07,12206.296797266925
distancia,77.15384615384615,0,11000,11001,77.15384615384615,0.1,0.1,100.0,0.98,1,256,56,0.21875,0.044912844938,5699.928391385484,0.0,681,442,436,1559,2.9999995498908305e-07,8598.779565942572
distancia,77.15384615384615,1,11002,11003,77.15384615384615,0.1,0.1,100.0,0.98,1,256,61,0.23828125,0.042032845028,6090.475194564316,0.0,678,426,440,1544,2.9999995498908305e-07,8598.779565942572
distancia,77.15384615384615,2,11004,11005,77.15384615384615,0.1,0.1,100.0,0.98,1,256,56,0.21875,0.039376845111,6501.282651729909,0.0,632,429,415,1476,2.9999995498908305e-07,8598.779565942572
distancia,77.15384615384615,3,11006,11007,77.15384615384615,0.1,0.1,100.0,0.98,1,256,43,0.16796875,0.036560845199,7002.0263100209195,0.0,644,386,371,1401,2.9999995498908305e-07,8598.779565942572
distancia,77.15384615384615,4,11008,11009,77.15384615384615,0.1,0.1,100.0,0.98,1,256,64,0.25,0.043696844976,5858.5465413030415,0.0,700,396,445,1541,2.9999995498908305e-07,8598.779565942572
distancia,77.15384615384615,5,11010,11011,77.15384615384615,0.1,0.1,100.0,0.98,1,256,46,0.1796875,0.039856845096,6422.987052371888,0.0,675,455,451,1581,2.9999995498908305e-07,8598.779565942572
distancia,77.15384615384615,6,11012,11013,77.15384615384615,0.1,0.1,100.0,0.98,1,256,58,0.2265625,0.046736844881,5477.477152165915,0.0,731,466,451,1648,2.9999995498908305e-07,8598.779565942572
distancia,77.15384615384615,7,11014,11015,77.15384615384615,0.1,0.1,100.0,0.98,1,256,72,0.28125,0.049072844808,5216.734448585832,0.0,708,482,456,1646,2.9999995498908305e-07,8598.779565942572
distancia,77.15384615384615,8,11016,11017,77.15384615384615,0.1,0.1,100.0,0.98,1,256,68,0.265625,0.045744844911999996,5596.258999073465,0.0,708,452,505,1665,2.9999995498908305e-07,8598.779565942572
distancia,77.15384615384615,9,11018,11019,77.15384615384615,0.1,0.1,100.0,0.98,1,256,42,0.1640625,0.038608845135,6630.604958653084,0.0,602,429,432,1463,2.9999995498908305e-07,8598.779565942572
distancia,77.15384615384615,10,11020,11021,77.15384615384615,0.1,0.1,100.0,0.98,1,256,67,0.26171875,0.052400844704,4885.417428785425,0.0,745,511,470,1726,2.9999995498908305e-07,8598.779565942572
distancia,77.15384615384615,11,11022,11023,77.15384615384615,0.1,0.1,100.0,0.98,1,256,62,0.2421875,0.04516884493,5667.623345178156,0.0,696,435,455,1586,2.9999995498908305e-07,8598.779565942572
distancia,77.15384615384615,12,11024,11025,77.15384615384615,0.1,0.1,100.0,0.98,1,256,38,0.1484375,0.038672845133,6619.631917941102,0.0,636,392,409,1437,2.9999995498908305e-07,8598.779565942572
distancia,77.15384615384615,13,11026,11027,77.15384615384615,0.1,0.1,100.0,0.98,1,256,63,0.24609375,0.047312844863,5410.792792977861,0.0,700,423,429,1552,2.9999995498908305e-07,8598.779565942572
distancia,77.15384615384615,14,11028,11029,77.15384615384615,0.1,0.1,100.0,0.98,1,256,72,0.28125,0.048336844831,5296.16694873346,0.0,747,458,444,1649,2.9999995498908305e-07,8598.779565942572
distancia,77.15384615384615,15,11030,11031,77.15384615384615,0.1,0.1,100.0,0.98,1,256,50,0.1953125,0.041456845046,6175.096047852787,0.0,646,403,435,1484,2.9999995498908305e-07,8598.779565942572
distancia,77.15384615384615,16,11032,11033,77.15384615384615,0.1,0.1,100.0,0.98,1,256,51,0.19921875,0.042448845015,6030.788350296414,0.0,672,439,473,1584,2.9999995498908305e-07,8598.779565942572
distancia,77.15384615384615,17,11034,11035,77.15384615384615,0.1,0.1,100.0,0.98,1,256,59,0.23046875,0.047216844866,5421.793868830507,0.0,684,458,476,1618,2.9999995498908305e-07,8598.779565942572
distancia,77.15384615384615,18,11036,11037,77.15384615384615,0.1,0.1,100.0,0.98,1,256,43,0.16796875,0.03908884512,6549.183001290983,0.0,623,433,423,1479,2.9999995498908305e-07,8598.779565942572
distancia,77.15384615384615,19,11038,11039,77.15384615384615,0.1,0.1,100.0,0.98,1,256,41,0.16015625,0.038512845138,6647.132900275107,0.0,652,390,427,1469,2.9999995498908305e-07,8598.779565942572
distancia,77.15384615384615,20,11040,11041,77.15384615384615,0.1,0.1,100.0,0.98,1,256,56,0.21875,0.043152844993,5932.401445177643,0.0,685,460,417,1562,2.9999995498908305e-07,8598.779565942572
distancia,77.15384615384615,21,11042,11043,77.15384615384615,0.1,0.1,100.0,0.98,1,256,37,0.14453125,0.036400845204,7032.8037320372105,0.0,613,399,433,1445,2.9999995498908305e-07,8598.779565942572
distancia,77.15384615384615,22,11044,11045,77.15384615384615,0.1,0.1,100.0,0.98,1,256,38,0.1484375,0.038704845131999996,6614.159005853945,0.0,639,416,380,1435,2.9999995498908305e-07,8598.779565942572
distancia,77.15384615384615,23,11046,11047,77.15384615384615,0.1,0.1,100.0,0.98,1,256,46,0.1796875,0.041456845046,6175.096047852787,0.0,674,413,439,1526,2.9999995498908305e-07,8598.779565942572
distancia,77.15384615384615,24,11048,11049,77.15384615384615,0.1,0.1,100.0,0.98,1,256,56,0.21875,0.044912844938,5699.928391385484,0.0,690,429,456,1575,2.9999995498908305e-07,8598.779565942572
distancia,77.15384615384615,25,11050,11051,77.15384615384615,0.1,0.1,100.0,0.98,1,256,55,0.21484375,0.042192845023,6067.379430338255,0.0,701,413,436,1550,2.9999995498908305e-07,8598.779565942572
distancia,77.15384615384615,26,11052,11053,77.15384615384615,0.1,0.1,100.0,0.98,1,256,55,0.21484375,0.044368844955,5769.814387993234,0.0,716,459,451,1626,2.9999995498908305e-07,8598.779565942572
distancia,77.15384615384615,27,11054,11055,77.15384615384615,0.1,0.1,100.0,0.98,1,256,64,0.25,0.045744844911999996,5596.258999073465,0.0,658,452,421,1531,2.9999995498908305e-07,8598.779565942572
distancia,77.15384615384615,28,11056,11057,77.15384615384615,0.1,0.1,100.0,0.98,1,256,56,0.21875,0.043056844996,5945.628390184708,0.0,719,404,409,1532,2.9999995498908305e-07,8598.779565942572
distancia,77.15384615384615,29,11058,11059,77.15384615384615,0.1,0.1,100.0,0.98,1,256,49,0.19140625,0.044400844954,5765.656042474421,0.0,683,409,462,1554,2.9999995498908305e-07,8598.779565942572
distancia,84.76923076923076,0,11100,11101,84.76923076923076,0.1,0.1,100.0,0.98,1,256,97,0.37890625,0.062255229017,4112.104381305773,0.0,695,471,423,1589,2.9999995498908305e-07,6058.127246548751
distancia,84.76923076923076,1,11102,11103,84.76923076923076,0.1,0.1,100.0,0.98,1,256,100,0.390625,0.063279228985,4045.561301966612,0.0,750,439,459,1648,2.9999995498908305e-07,6058.127246548751
distancia,84.76923076923076,2,11104,11105,84.76923076923076,0.1,0.1,100.0,0.98,1,256,102,0.3984375,0.070063228773,3653.842457495389,0.0,791,507,455,1753,2.9999995498908305e-07,6058.127246548751
distancia,84.76923076923076,3,11106,11107,84.76923076923076,0.1,0.1,100.0,0.98,1,256,85,0.33203125,0.063855228967,4009.0687033993613,0.0,716,441,488,1645,2.9999995498908305e-07,6058.127246548751
distancia,84.76923076923076,4,11108,11109,84.76923076923076,0.1,0.1,100.0,0.98,1,256,99,0.38671875,0.062415229012,4101.563096897093,0.0,704,443,506,1653,2.9999995498908305e-07,6058.127246548751
distancia,84.76923076923076,5,11110,11111,84.76923076923076,0.1,0.1,100.0,0.98,1,256,97,0.37890625,0.064623228943,3961.423843828682,0.0,728,432,433,1593,2.9999995498908305e-07,6058.127246548751
distancia,84.76923076923076,6,11112,11113,84.76923076923076,0.1,0.1,100.0,0.98,1,256,103,0.40234375,0.069263228798,3696.044848654126,0.0,725,463,461,1649,2.9999995498908305e-07,6058.127246548751
distancia,84.76923076923076,7,11114,11115,84.76923076923076,0.1,0.1,100.0,0.98,1,256,106,0.4140625,0.062703229003,4082.7243520066854,0.0,719,447,460,1626,2.9999995498908305e-07,6058.127246548751
distancia,84.76923076923076,8,11116,11117,84.76923076923076,0.1,0.1,100.0,0.98,1,256,99,0.38671875,0.072591228694,3526.596871353957,0.0,766,467,475,1708,2.9999995498908305e-07,6058.127246548751
distancia,84.76923076923076,9,11118,11119,84.76923076923076,0.1,0.1,100.0,0.98,1,256,90,0.3515625,0.069359228795,3690.929158924769,0.0,797,481,447,1725,2.9999995498908305e-07,6058.127246548751
distancia,84.76923076923076,10,11120,11121,84.76923076923076,0.1,0.1,100.0,0.98,1,256,88,0.34375,0.069487228791,3684.1302272966336,0.0,726,468,435,1629,2.9999995498908305e-07,6058.127246548751
distancia,84.76923076923076,11,11122,11123,84.76923076923076,0.1,0.1,100.0,0.98,1,256,110,0.4296875,0.340399220325,752.0581267947122,0.0,2923,1504,1493,5920,2.9999995498908305e-07,6058.127246548751
distancia,84.76923076923076,12,11124,11125,84.76923076923076,0.1,0.1,100.0,0.98,1,256,117,0.45703125,0.339951220339,753.0492161337627,0.0,2973,1608,1538,6119,2.9999995498908305e-07,6058.127246548751
distancia,84.76923076923076,13,11126,11127,84.76923076923076,0.1,0.1,100.0,0.98,1,256,102,0.3984375,0.072623228693,3525.0429457245446,0.0,756,490,514,1760,2.9999995498908305e-07,6058.127246548751
distancia,84.76923076923076,14,11128,11129,84.76923076923076,0.1,0.1,100.0,0.98,1,256,101,0.39453125,0.065743228908,3893.9371286165792,0.0,702,446,449,1597,2.9999995498908305e-07,6058.127246548751
distancia,84.76923076923076,15,11130,11131,84.76923076923076,0.1,0.1,100.0,0.98,1,256,111,0.43359375,0.340655220317,751.4929604242575,0.0,2944,1537,1574,6055,2.9999995498908305e-07,6058.127246548751
distancia,84.76923076923076,16,11132,11133,84.76923076923076,0.1,0.1,100.0,0.98,1,256,97,0.37890625,0.060687229066,4218.350449343945,0.0,675,404,465,1544,2.9999995498908305e-07,6058.127246548751
distancia,84.76923076923076,17,11134,11135,84.76923076923076,0.1,0.1,100.0,0.98,1,256,97,0.37890625,0.06868722881599999,3727.0392824519863,0.0,757,518,450,1725,2.9999995498908305e-07,6058.127246548751
distancia,84.76923076923076,18,11136,11137,84.76923076923076,0.1,0.1,100.0,0.98,1,256,112,0.4375,0.06932722879599999,3692.632814637624,0.0,767,496,485,1748,2.9999995498908305e-07,6058.127246548751
distancia,84.76923076923076,19,11138,11139,84.76923076923076,0.1,0.1,100.0,0.98,1,256,108,0.421875,0.061807229031,4141.910323654872,0.0,689,393,435,1517,2.9999995498908305e-07,6058.127246548751
distancia,84.76923076923076,20,11140,11141,84.76923076923076,0.1,0.1,100.0,0.98,1,256,89,0.34765625,0.061423229043,4167.804330521021,0.0,656,449,428,1533,2.9999995498908305e-07,6058.127246548751
distancia,84.76923076923076,21,11142,11143,84.76923076923076,0.1,0.1,100.0,0.98,1,256,105,0.41015625,0.070415228762,3635.5771968769336,0.0,718,474,462,1654,2.9999995498908305e-07,6058.127246548751
distancia,84.76923076923076,22,11144,11145,84.76923076923076,0.1,0.1,100.0,0.98,1,256,104,0.40625,0.073199228675,3497.304611454637,0.0,810,502,485,1797,2.9999995498908305e-07,6058.127246548751
distancia,84.76923076923076,23,11146,11147,84.76923076923076,0.1,0.1,100.0,0.98,1,256,107,0.41796875,0.144687226441,1769.3337988228748,0.0,1322,803,748,2873,2.9999995498908305e-07,6058.127246548751
distancia,84.76923076923076,24,11148,11149,84.76923076923076,0.1,0.1,100.0,0.98,1,256,111,0.43359375,0.07316722867599999,3498.834172517621,0.0,768,437,470,1675,2.9999995498908305e-07,6058.127246548751
distancia,84.76923076923076,25,11150,11151,84.76923076923076,0.1,0.1,100.0,0.98,1,256,96,0.375,0.067823228843,3774.5180282200854,0.0,777,471,485,1733,2.9999995498908305e-07,6058.127246548751
distancia,84.76923076923076,26,11152,11153,84.76923076923076,0.1,0.1,100.0,0.98,1,256,103,0.40234375,0.068815228812,3720.1067905968907,0.0,746,514,483,1743,2.9999995498908305e-07,6058.127246548751
distancia,84.76923076923076,27,11154,11155,84.76923076923076,0.1,0.1,100.0,0.98,1,256,104,0.40625,0.071919228715,3559.548740636129,0.0,723,486,460,1669,2.9999995498908305e-07,6058.127246548751
distancia,84.76923076923076,28,11156,11157,84.76923076923076,0.1,0.1,100.0,0.98,1,256,105,0.41015625,0.068111228834,3758.5579409222023,0.0,706,455,459,1620,2.9999995498908305e-07,6058.127246548751
distancia,84.76923076923076,29,11158,11159,84.76923076923076,0.1,0.1,100.0,0.98,1,256,106,0.4140625,0.066543228883,3847.1232054295624,0.0,750,447,468,1665,2.9999995498908305e-07,6058.127246548751
distancia,92.38461538461539,0,11200,11201,92.38461538461539,0.1,0.1,100.0,0.98,1,256,135,0.52734375,0.367117604111,697.3242283489,0.0,2250,1234,1238,4722,2.9999995498908305e-07,4268.886036316033
distancia,92.38461538461539,1,11202,11203,92.38461538461539,0.1,0.1,100.0,0.98,1,256,105,0.41015625,0.37194960396,688.2652845290585,0.0,2228,1220,1281,4729,2.9999995498908305e-07,4268.886036316033
distancia,92.38461538461539,2,11204,11205,92.38461538461539,0.1,0.1,100.0,0.98,1,256,102,0.3984375,0.361549604285,708.0632836157165,0.0,2242,1161,1185,4588,2.9999995498908305e-07,4268.886036316033
distancia,92.38461538461539,3,11206,11207,92.38461538461539,0.1,0.1,100.0,0.98,1,256,111,0.43359375,0.356205604452,718.6860532243448,0.0,2207,1208,1188,4603,2.9999995498908305e-07,4268.886036316033
distancia,92.38461538461539,4,11208,11209,92.38461538461539,0.1,0.1,100.0,0.98,1,256,115,0.44921875,0.365005604177,701.3590944095736,0.0,2272,1307,1235,4814,2.9999995498908305e-07,4268.886036316033
distancia,92.38461538461539,5,11210,11211,92.38461538461539,0.1,0.1,100.0,0.98,1,256,118,0.4609375,0.364749604185,701.8513442173812,0.0,2232,1261,1256,4749,2.9999995498908305e-07,4268.886036316033
distancia,92.38461538461539,6,11212,11213,92.38461538461539,0.1,0.1,100.0,0.98,1,256,128,0.5,0.375757603841,681.290271662274,0.0,2332,1272,1238,4842,2.9999995498908305e-07,4268.886036316033
distancia,92.38461538461539,7,11214,11215,92.38461538461539,0.1,0.1,100.0,0.98,1,256,108,0.421875,0.38135760366599997,671.2859466785656,0.0,2341,1281,1295,4917,2.9999995498908305e-07,4268.886036316033
distancia,92.38461538461539,8,11216,11217,92.38461538461539,0.1,0.1,100.0,0.98,1,256,110,0.4296875,0.38010960370499997,673.4899552779507,0.0,2367,1216,1312,4895,2.9999995498908305e-07,4268.886036316033
distancia,92.38461538461539,9,11218,11219,92.38461538461539,0.1,0.1,100.0,0.98,1,256,119,0.46484375,0.35697360442799997,717.1398580301309,0.0,2201,1188,1192,4581,2.9999995498908305e-07,4268.886036316033
distancia,92.38461538461539,10,11220,11221,92.38461538461539,0.1,0.1,100.0,0.98,1,256,123,0.48046875,0.37354960390999997,685.3172840244225,0.0,2224,1274,1265,4763,2.9999995498908305e-07,4268.886036316033
distancia,92.38461538461539,11,11222,11223,92.38461538461539,0.1,0.1,100.0,0.98,1,256,110,0.4296875,0.364077604206,703.1467935477617,0.0,2310,1292,1216,4818,2.9999995498908305e-07,4268.886036316033
distancia,92.38461538461539,12,11224,11225,92.38461538461539,0.1,0.1,100.0,0.98,1,256,111,0.43359375,0.369901604024,692.0759391554035,0.0,2350,1210,1293,4853,2.9999995498908305e-07,4268.886036316033
distancia,92.38461538461539,13,11226,11227,92.38461538461539,0.1,0.1,100.0,0.98,1,256,110,0.4296875,0.37130960398,689.4515984935015,0.0,2371,1284,1179,4834,2.9999995498908305e-07,4268.886036316033
distancia,92.38461538461539,14,11228,11229,92.38461538461539,0.1,0.1,100.0,0.98,1,256,110,0.4296875,0.36849360406799997,694.7203348277357,0.0,2329,1249,1265,4843,2.9999995498908305e-07,4268.886036316033
distancia,92.38461538461539,15,11230,11231,92.38461538461539,0.1,0.1,100.0,0.98,1,256,144,0.5625,0.356013604458,719.0736443618156,0.0,2296,1193,1176,4665,2.9999995498908305e-07,4268.886036316033
distancia,92.38461538461539,16,11232,11233,92.38461538461539,0.1,0.1,100.0,0.98,1,256,118,0.4609375,0.37866960375,676.0510943176015,0.0,2334,1302,1345,4981,2.9999995498908305e-07,4268.886036316033
distancia,92.38461538461539,17,11234,11235,92.38461538461539,0.1,0.1,100.0,0.98,1,256,114,0.4453125,0.370573604003,690.8209252754212,0.0,2326,1206,1230,4762,2.9999995498908305e-07,4268.886036316033
distancia,92.38461538461539,18,11236,11237,92.38461538461539,0.1,0.1,100.0,0.98,1,256,102,0.3984375,0.376525603817,679.9006426251475,0.0,2328,1257,1305,4890,2.9999995498908305e-07,4268.886036316033
distancia,92.38461538461539,19,11238,11239,92.38461538461539,0.1,0.1,100.0,0.98,1,256,98,0.3828125,0.359949604335,711.210672041035,0.0,2185,1171,1162,4518,2.9999995498908305e-07,4268.886036316033
distancia,92.38461538461539,20,11240,11241,92.38461538461539,0.1,0.1,100.0,0.98,1,256,106,0.4140625,0.36490960418,701.5436071496823,0.0,2297,1239,1235,4771,2.9999995498908305e-07,4268.886036316033
distancia,92.38461538461539,21,11242,11243,92.38461538461539,0.1,0.1,100.0,0.98,1,256,117,0.45703125,0.355981604459,719.1382835330882,0.0,2256,1203,1221,4680,2.9999995498908305e-07,4268.886036316033
distancia,92.38461538461539,22,11244,11245,92.38461538461539,0.1,0.1,100.0,0.98,1,256,109,0.42578125,0.370125604017,691.6570948391936,0.0,2286,1252,1259,4797,2.9999995498908305e-07,4268.886036316033
distancia,92.38461538461539,23,11246,11247,92.38461538461539,0.1,0.1,100.0,0.98,1,256,105,0.41015625,0.35953360434799997,712.0335815736777,0.0,2251,1186,1247,4684,2.9999995498908305e-07,4268.886036316033
distancia,92.38461538461539,24,11248,11249,92.38461538461539,0.1,0.1,100.0,0.98,1,256,125,0.48828125,0.36337360422799997,704.5090700627004,0.0,2214,1258,1214,4686,2.9999995498908305e-07,4268.886036316033
distancia,92.38461538461539,25,11250,11251,92.38461538461539,0.1,0.1,100.0,0.98,1,256,111,0.43359375,0.350317604636,730.7654443058854,0.0,2208,1215,1233,4656,2.9999995498908305e-07,4268.886036316033
distancia,92.38461538461539,26,11252,11253,92.38461538461539,0.1,0.1,100.0,0.98,1,256,124,0.484375,0.365069604175,701.2361398274168,0.0,2333,1274,1250,4857,2.9999995498908305e-07,4268.886036316033
distancia,92.38461538461539,27,11254,11255,92.38461538461539,0.1,0.1,100.0,0.98,1,256,111,0.43359375,0.369933604023,692.0160731980532,0.0,2295,1290,1265,4850,2.9999995498908305e-07,4268.886036316033
distancia,92.38461538461539,28,11256,11257,92.38461538461539,0.1,0.1,100.0,0.98,1,256,115,0.44921875,0.367117604111,697.3242283489,0.0,2259,1266,1205,4730,2.9999995498908305e-07,4268.886036316033
distancia,92.38461538461539,29,11258,11259,92.38461538461539,0.1,0.1,100.0,0.98,1,256,118,0.4609375,0.36599760414599997,699.4581305998909,0.0,2308,1267,1216,4791,2.9999995498908305e-07,4268.886036316033
distancia,100.0,0,11300,11301,100.0,0.1,0.1,100.0,0.98,1,256,116,0.453125,0.39389998789499997,649.9111649331675,0.0,1745,973,970,3688,2.9999995498908305e-07,3008.8491036961427
distancia,100.0,1,11302,11303,100.0,0.1,0.1,100.0,0.98,1,256,114,0.4453125,0.403179987605,634.9521500824245,0.0,1768,1035,976,3779,2.9999995498908305e-07,3008.8491036961427
distancia,100.0,2,11304,11305,100.0,0.1,0.1,100.0,0.98,1,256,111,0.43359375,0.405355987537,631.5436502011282,0.0,1894,979,1021,3894,2.9999995498908305e-07,3008.8491036961427
distancia,100.0,3,11306,11307,100.0,0.1,0.1,100.0,0.98,1,256,120,0.46875,0.401771987649,637.1773241285533,0.0,1802,1021,976,3799,2.9999995498908305e-07,3008.8491036961427
distancia,100.0,4,11308,11309,100.0,0.1,0.1,100.0,0.98,1,256,111,0.43359375,0.405739987525,630.9459453616864,0.0,1803,1060,977,3840,2.9999995498908305e-07,3008.8491036961427
distancia,100.0,5,11310,11311,100.0,0.1,0.1,100.0,0.98,1,256,128,0.5,0.402667987621,635.7595037849219,0.0,1715,1011,1014,3740,2.9999995498908305e-07,3008.8491036961427
distancia,100.0,6,11312,11313,100.0,0.1,0.1,100.0,0.98,1,256,108,0.421875,0.391659987965,653.6281669468799,0.0,1827,950,999,3776,2.9999995498908305e-07,3008.8491036961427
distancia,100.0,7,11314,11315,100.0,0.1,0.1,100.0,0.98,1,256,110,0.4296875,0.394827987866,648.3836198736839,0.0,1808,988,944,3740,2.9999995498908305e-07,3008.8491036961427
distancia,100.0,8,11316,11317,100.0,0.1,0.1,100.0,0.98,1,256,116,0.453125,0.395787987836,646.8109388556709,0.0,1875,939,976,3790,2.9999995498908305e-07,3008.8491036961427
distancia,100.0,9,11318,11319,100.0,0.1,0.1,100.0,0.98,1,256,104,0.40625,0.404651987559,632.6423886962228,0.0,1853,967,1014,3834,2.9999995498908305e-07,3008.8491036961427
distancia,100.0,10,11320,11321,100.0,0.1,0.1,100.0,0.98,1,256,121,0.47265625,0.391051987984,654.6444152343098,0.0,1847,1025,941,3813,2.9999995498908305e-07,3008.8491036961427
distancia,100.0,11,11322,11323,100.0,0.1,0.1,100.0,0.98,1,256,113,0.44140625,0.402187987636,636.5182647665067,0.0,1865,962,997,3824,2.9999995498908305e-07,3008.8491036961427
distancia,100.0,12,11324,11325,100.0,0.1,0.1,100.0,0.98,1,256,112,0.4375,0.392843987928,651.6581845893475,0.0,1727,992,965,3684,2.9999995498908305e-07,3008.8491036961427
distancia,100.0,13,11326,11327,100.0,0.1,0.1,100.0,0.98,1,256,119,0.46484375,0.404811987554,632.3923398287478,0.0,1796,1048,963,3807,2.9999995498908305e-07,3008.8491036961427
distancia,100.0,14,11328,11329,100.0,0.1,0.1,100.0,0.98,1,256,129,0.50390625,0.395723987838,646.915546865459,0.0,1733,984,994,3711,2.9999995498908305e-07,3008.8491036961427
distancia,100.0,15,11330,11331,100.0,0.1,0.1,100.0,0.98,1,256,126,0.4921875,0.404715987557,632.542345424259,0.0,1795,1049,1012,3856,2.9999995498908305e-07,3008.8491036961427
distancia,100.0,16,11332,11333,100.0,0.1,0.1,100.0,0.98,1,256,103,0.40234375,0.397483987783,644.0511010968298,0.0,1857,1004,1029,3890,2.9999995498908305e-07,3008.8491036961427
distancia,100.0,17,11334,11335,100.0,0.1,0.1,100.0,0.98,1,256,104,0.40625,0.400555987687,639.1116544737359,0.0,1769,1015,942,3726,2.9999995498908305e-07,3008.8491036961427
distancia,100.0,18,11336,11337,100.0,0.1,0.1,100.0,0.98,1,256,105,0.41015625,0.4001399877,639.7760980388015,0.0,1789,1019,986,3794,2.9999995498908305e-07,3008.8491036961427
distancia,100.0,19,11338,11339,100.0,0.1,0.1,100.0,0.98,1,256,126,0.4921875,0.395755987837,646.8632386313728,0.0,1844,958,1011,3813,2.9999995498908305e-07,3008.8491036961427
distancia,100.0,20,11340,11341,100.0,0.1,0.1,100.0,0.98,1,256,122,0.4765625,0.398571987749,642.2930057021858,0.0,1723,981,1023,3727,2.9999995498908305e-07,3008.8491036961427
distancia,100.0,21,11342,11343,100.0,0.1,0.1,100.0,0.98,1,256,114,0.4453125,0.397963987768,643.2742857859782,0.0,1751,980,1015,3746,2.9999995498908305e-07,3008.8491036961427
distancia,100.0,22,11344,11345,100.0,0.1,0.1,100.0,0.98,1,256,100,0.390625,0.392491987939,652.2426135225639,0.0,1696,927,966,3589,2.9999995498908305e-07,3008.8491036961427
distancia,100.0,23,11346,11347,100.0,0.1,0.1,100.0,0.98,1,256,123,0.48046875,0.394795987867,648.4361742962849,0.0,1711,1031,1019,3761,2.9999995498908305e-07,3008.8491036961427
distancia,100.0,24,11348,11349,100.0,0.1,0.1,100.0,0.98,1,256,111,0.43359375,0.393131987919,651.1807938985256,0.0,1838,955,1003,3796,2.9999995498908305e-07,3008.8491036961427
distancia,100.0,25,11350,11351,100.0,0.1,0.1,100.0,0.98,1,256,113,0.44140625,0.40410798757599997,633.4940359273509,0.0,1802,1030,997,3829,2.9999995498908305e-07,3008.8491036961427
distancia,100.0,26,11352,11353,100.0,0.1,0.1,100.0,0.98,1,256,116,0.453125,0.407787987461,627.7771976411722,0.0,1728,1052,1010,3790,2.9999995498908305e-07,3008.8491036961427
distancia,100.0,27,11354,11355,100.0,0.1,0.1,100.0,0.98,1,256,123,0.48046875,0.394603987873,648.7516798294281,0.0,1843,993,1008,3844,2.9999995498908305e-07,3008.8491036961427
distancia,100.0,28,11356,11357,100.0,0.1,0.1,100.0,0.98,1,256,110,0.4296875,0.399531987719,640.7496968178945,0.0,1774,957,954,3685,2.9999995498908305e-07,3008.8491036961427
distancia,100.0,29,11358,11359,100.0,0.1,0.1,100.0,0.98,1,256,105,0.41015625,0.392843987928,651.6581845893475,0.0,1824,952,994,3770,2.9999995498908305e-07,3008.8491036961427
