experimento,visibilidad_barrida,repeticion,semilla_alice,semilla_bob,distancia_km,mu,eficiencia_detector,conteos_oscuros_hz,visibilidad,claves_completadas,bits_tamizados,errores,qber,tiempo_hasta_ultima_clave_s,tasa_tamizada_bps,indicador_ideal_bps,clics_detector_0,clics_detector_1,clics_detector_2,clics_detector_total,rendimiento_fondo_pulso,referencia_tasa_tamizada_bps
visibilidad,0.82,0,40000,40001,30.0,0.1,0.15,200.0,0.82,4,1024,15,0.0146484375,0.015541999664,65885.98778392047,50198.429749012204,2704,1384,1479,5567,5.999998200501011e-07,150453.52108594033
visibilidad,0.82,1,40002,40003,30.0,0.1,0.15,200.0,0.82,4,1024,15,0.0146484375,0.015477999666,66158.41982794368,50405.9952919032,2577,1432,1389,5398,5.999998200501011e-07,150453.52108594033
visibilidad,0.82,2,40004,40005,30.0,0.1,0.15,200.0,0.82,4,1024,18,0.017578125,0.016085999647,63657.84051170072,46110.32123566074,2783,1420,1519,5722,5.999998200501011e-07,150453.52108594033
visibilidad,0.82,3,40006,40007,30.0,0.1,0.15,200.0,0.82,4,1024,19,0.0185546875,0.015061999679,67985.66072390102,48418.5022099833,2649,1474,1394,5517,5.999998200501011e-07,150453.52108594033
visibilidad,0.82,4,40008,40009,30.0,0.1,0.15,200.0,0.82,4,1024,15,0.0146484375,0.015733999658,65081.98946599977,49585.86470387956,2726,1491,1454,5671,5.999998200501011e-07,150453.52108594033
visibilidad,0.82,5,40010,40011,30.0,0.1,0.15,200.0,0.82,4,1024,14,0.013671875,0.015509999665,66021.92276707571,51154.541106213954,2603,1505,1471,5579,5.999998200501011e-07,150453.52108594033
visibilidad,0.82,6,40012,40013,30.0,0.1,0.15,200.0,0.82,4,1024,17,0.0166015625,0.015637999661,65481.52079538531,48238.78271227633,2608,1507,1491,5606,5.999998200501011e-07,150453.52108594033
visibilidad,0.82,7,40014,40015,30.0,0.1,0.15,200.0,0.82,4,1024,15,0.0146484375,0.015477999666,66158.41982794368,50405.9952919032,2615,1473,1427,5515,5.999998200501011e-07,150453.52108594033
visibilidad,0.82,8,40016,40017,30.0,0.1,0.15,200.0,0.82,4,1024,18,0.017578125,0.01598999965,64040.02641738645,46387.15618232645,2617,1419,1486,5522,5.999998200501011e-07,150453.52108594033
visibilidad,0.82,9,40018,40019,30.0,0.1,0.15,200.0,0.82,4,1024,20,0.01953125,0.01598999965,64040.02641738645,44840.245292871936,2615,1484,1526,5625,5.999998200501011e-07,150453.52108594033
visibilidad,0.82,10,40020,40021,30.0,0.1,0.15,200.0,0.82,4,1024,11,0.0107421875,0.016245999642,63030.901302786086,51366.64132596789,2682,1464,1491,5637,5.999998200501011e-07,150453.52108594033
visibilidad,0.82,11,40022,40023,30.0,0.1,0.15,200.0,0.82,4,1024,20,0.01953125,0.015797999656,64818.33284577203,45385.208390394226,2658,1487,1415,5560,5.999998200501011e-07,150453.52108594033
visibilidad,0.82,12,40024,40025,30.0,0.1,0.15,200.0,0.82,4,1024,24,0.0234375,0.015509999665,66021.92276707571,43157.86752839319,2553,1392,1444,5389,5.999998200501011e-07,150453.52108594033
visibilidad,0.82,13,40026,40027,30.0,0.1,0.15,200.0,0.82,4,1024,14,0.013671875,0.015541999664,65885.98778392047,51049.21712605482,2633,1513,1535,5681,5.999998200501011e-07,150453.52108594033
visibilidad,0.82,14,40028,40029,30.0,0.1,0.15,200.0,0.82,4,1024,15,0.0146484375,0.015701999658999998,65214.62375736765,49686.91856041998,2689,1483,1448,5620,5.999998200501011e-07,150453.52108594033
visibilidad,0.82,15,40030,40031,30.0,0.1,0.15,200.0,0.82,4,1024,19,0.0185546875,0.015541999664,65885.98778392047,46923.142485562035,2643,1397,1390,5430,5.999998200501011e-07,150453.52108594033
visibilidad,0.82,16,40032,40033,30.0,0.1,0.15,200.0,0.82,4,1024,14,0.013671875,0.015701999658999998,65214.62375736765,50529.03659731299,2577,1548,1527,5652,5.999998200501011e-07,150453.52108594033
visibilidad,0.82,17,40034,40035,30.0,0.1,0.15,200.0,0.82,4,1024,20,0.01953125,0.015157999676,67555.08786699093,47301.459418433114,2633,1384,1422,5439,5.999998200501011e-07,150453.52108594033
visibilidad,0.82,18,40036,40037,30.0,0.1,0.15,200.0,0.82,4,1024,14,0.013671875,0.015861999653999998,64556.803829066586,50019.35019085249,2709,1374,1428,5511,5.999998200501011e-07,150453.52108594033
visibilidad,0.82,19,40038,40039,30.0,0.1,0.15,200.0,0.82,4,1024,21,0.0205078125,0.015381999669,66571.31855643651,45824.375462136915,2642,1429,1456,5527,5.999998200501011e-07,150453.52108594033
visibilidad,0.82,20,40040,40041,30.0,0.1,0.15,200.0,0.82,4,1024,13,0.0126953125,0.015733999658,65081.98946599977,51281.03040244322,2677,1433,1498,5608,5.999998200501011e-07,150453.52108594033
visibilidad,0.82,21,40042,40043,30.0,0.1,0.15,200.0,0.82,4,1024,20,0.01953125,0.016245999642,63030.901302786086,44133.66504609063,2729,1474,1430,5633,5.999998200501011e-07,150453.52108594033
visibilidad,0.82,22,40044,40045,30.0,0.1,0.15,200.0,0.82,4,1024,21,0.0205078125,0.015125999677,67698.00488340973,46599.93013635457,2575,1479,1398,5452,5.999998200501011e-07,150453.52108594033
visibilidad,0.82,23,40046,40047,30.0,0.1,0.15,200.0,0.82,4,1024,18,0.017578125,0.015285999672,66989.40350467907,48523.52656258091,2608,1493,1390,5491,5.999998200501011e-07,150453.52108594033
visibilidad,0.82,24,40048,40049,30.0,0.1,0.15,200.0,0.82,4,1024,20,0.01953125,0.01598999965,64040.02641738645,44840.245292871936,2698,1458,1459,5615,5.999998200501011e-07,150453.52108594033
visibilidad,0.82,25,40050,40051,30.0,0.1,0.15,200.0,0.82,4,1024,18,0.017578125,0.015061999679,67985.66072390102,49245.16179309469,2606,1458,1395,5459,5.999998200501011e-07,150453.52108594033
visibilidad,0.82,26,40052,40053,30.0,0.1,0.15,200.0,0.82,4,1024,23,0.0224609375,0.015637999661,65481.52079538531,43552.14864726451,2547,1538,1436,5521,5.999998200501011e-07,150453.52108594033
visibilidad,0.82,27,40054,40055,30.0,0.1,0.15,200.0,0.82,4,1024,18,0.017578125,0.015957999651,64168.44356402975,46480.174667344036,2757,1403,1494,5654,5.999998200501011e-07,150453.52108594033
visibilidad,0.82,28,40056,40057,30.0,0.1,0.15,200.0,0.82,4,1024,20,0.01953125,0.015509999665,66021.92276707571,46227.95112993553,2694,1408,1414,5516,5.999998200501011e-07,150453.52108594033
visibilidad,0.82,29,40058,40059,30.0,0.1,0.15,200.0,0.82,4,1024,25,0.0244140625,0.015925999652,64297.37676601075,41304.88175179743,2755,1464,1432,5651,5.999998200501011e-07,150453.52108594033
visibilidad,0.8362727272727273,0,40100,40101,30.0,0.1,0.15,200.0,0.8362727272727273,4,1024,17,0.0166015625,0.016053999648,63784.727946444764,46988.79308843186,2647,1440,1435,5522,5.999998200501011e-07,150453.52108594033
visibilidad,0.8362727272727273,1,40102,40103,30.0,0.1,0.15,200.0,0.8362727272727273,4,1024,21,0.0205078125,0.015701999658999998,65214.62375736765,44890.494427358324,2640,1433,1452,5525,5.999998200501011e-07,150453.52108594033
visibilidad,0.8362727272727273,2,40104,40105,30.0,0.1,0.15,200.0,0.8362727272727273,4,1024,17,0.0166015625,0.015413999668,66433.11418553223,48939.800437890466,2679,1489,1468,5636,5.999998200501011e-07,150453.52108594033
visibilidad,0.8362727272727273,3,40106,40107,30.0,0.1,0.15,200.0,0.8362727272727273,4,1024,21,0.0205078125,0.015637999661,65481.52079538531,45074.213036889625,2693,1396,1494,5583,5.999998200501011e-07,150453.52108594033
visibilidad,0.8362727272727273,4,40108,40109,30.0,0.1,0.15,200.0,0.8362727272727273,4,1024,15,0.0146484375,0.016373999638,62538.171652547826,47647.733940451624,2731,1462,1474,5667,5.999998200501011e-07,150453.52108594033
visibilidad,0.8362727272727273,5,40110,40111,30.0,0.1,0.15,200.0,0.8362727272727273,4,1024,18,0.017578125,0.015957999651,64168.44356402975,46480.174667344036,2666,1466,1375,5507,5.999998200501011e-07,150453.52108594033
visibilidad,0.8362727272727273,6,40112,40113,30.0,0.1,0.15,200.0,0.8362727272727273,4,1024,18,0.017578125,0.015445999666999999,66295.48245995052,48020.88742139394,2653,1467,1387,5507,5.999998200501011e-07,150453.52108594033
visibilidad,0.8362727272727273,7,40114,40115,30.0,0.1,0.15,200.0,0.8362727272727273,4,1024,18,0.017578125,0.015765999657,64949.893586059465,47046.21509937505,2674,1395,1478,5547,5.999998200501011e-07,150453.52108594033
visibilidad,0.8362727272727273,8,40116,40117,30.0,0.1,0.15,200.0,0.8362727272727273,4,1024,18,0.017578125,0.015605999661999999,65615.79022030867,47528.55486252382,2671,1520,1445,5636,5.999998200501011e-07,150453.52108594033
visibilidad,0.8362727272727273,9,40118,40119,30.0,0.1,0.15,200.0,0.8362727272727273,4,1024,20,0.01953125,0.016437999636,62294.68443090796,43618.17267404496,2756,1476,1421,5653,5.999998200501011e-07,150453.52108594033
visibilidad,0.8362727272727273,10,40120,40121,30.0,0.1,0.15,200.0,0.8362727272727273,4,1024,20,0.01953125,0.015765999657,64949.893586059465,45477.32602674484,2672,1428,1345,5445,5.999998200501011e-07,150453.52108594033
visibilidad,0.8362727272727273,11,40122,40123,30.0,0.1,0.15,200.0,0.8362727272727273,4,1024,20,0.01953125,0.015829999655,64687.30399981806,45293.46318162863,2675,1418,1488,5581,5.999998200501011e-07,150453.52108594033
visibilidad,0.8362727272727273,12,40124,40125,30.0,0.1,0.15,200.0,0.8362727272727273,4,1024,19,0.0185546875,0.016277999641,62906.99241820925,44801.540780696785,2729,1496,1445,5670,5.999998200501011e-07,150453.52108594033
visibilidad,0.8362727272727273,13,40126,40127,30.0,0.1,0.15,200.0,0.8362727272727273,4,1024,18,0.017578125,0.016277999641,62906.99241820925,45566.44719733688,2727,1508,1519,5754,5.999998200501011e-07,150453.52108594033
visibilidad,0.8362727272727273,14,40128,40129,30.0,0.1,0.15,200.0,0.8362727272727273,4,1024,9,0.0087890625,0.015509999665,66021.92276707571,55660.92719163655,2573,1465,1443,5481,5.999998200501011e-07,150453.52108594033
visibilidad,0.8362727272727273,15,40130,40131,30.0,0.1,0.15,200.0,0.8362727272727273,4,1024,18,0.017578125,0.01630999964,62783.56974874832,45477.04644338638,2666,1485,1515,5666,5.999998200501011e-07,150453.52108594033
visibilidad,0.8362727272727273,16,40132,40133,30.0,0.1,0.15,200.0,0.8362727272727273,4,1024,19,0.0185546875,0.015605999661999999,65615.79022030867,46730.71129946236,2626,1452,1422,5500,5.999998200501011e-07,150453.52108594033
visibilidad,0.8362727272727273,17,40134,40135,30.0,0.1,0.15,200.0,0.8362727272727273,4,1024,11,0.0107421875,0.016053999648,63784.727946444764,51980.96766473883,2789,1502,1530,5821,5.999998200501011e-07,150453.52108594033
visibilidad,0.8362727272727273,18,40136,40137,30.0,0.1,0.15,200.0,0.8362727272727273,4,1024,26,0.025390625,0.015637999661,65481.52079538531,41334.721151598664,2626,1385,1489,5500,5.999998200501011e-07,150453.52108594033
visibilidad,0.8362727272727273,19,40138,40139,30.0,0.1,0.15,200.0,0.8362727272727273,4,1024,27,0.0263671875,0.01566999966,65347.799758663175,40528.7937961944,2758,1464,1468,5690,5.999998200501011e-07,150453.52108594033
visibilidad,0.8362727272727273,20,40140,40141,30.0,0.1,0.15,200.0,0.8362727272727273,4,1024,16,0.015625,0.01566999966,65347.799758663175,48958.012028310295,2643,1403,1486,5532,5.999998200501011e-07,150453.52108594033
visibilidad,0.8362727272727273,21,40142,40143,30.0,0.1,0.15,200.0,0.8362727272727273,4,1024,17,0.0166015625,0.016085999647,63657.84051170072,46895.31793209482,2703,1471,1424,5598,5.999998200501011e-07,150453.52108594033
visibilidad,0.8362727272727273,22,40144,40145,30.0,0.1,0.15,200.0,0.8362727272727273,4,1024,18,0.017578125,0.015925999652,64297.37676601075,46573.56695513604,2758,1491,1436,5685,5.999998200501011e-07,150453.52108594033
visibilidad,0.8362727272727273,23,40146,40147,30.0,0.1,0.15,200.0,0.8362727272727273,4,1024,10,0.009765625,0.015445999666999999,66295.48245995052,54949.12011199149,2614,1517,1399,5530,5.999998200501011e-07,150453.52108594033
visibilidad,0.8362727272727273,24,40148,40149,30.0,0.1,0.15,200.0,0.8362727272727273,4,1024,20,0.01953125,0.015477999666,66158.41982794368,46323.525133156334,2664,1484,1429,5577,5.999998200501011e-07,150453.52108594033
visibilidad,0.8362727272727273,25,40150,40151,30.0,0.1,0.15,200.0,0.8362727272727273,4,1024,21,0.0205078125,0.015605999661999999,65615.79022030867,45166.6374123443,2729,1505,1428,5662,5.999998200501011e-07,150453.52108594033
visibilidad,0.8362727272727273,26,40152,40153,30.0,0.1,0.15,200.0,0.8362727272727273,4,1024,26,0.025390625,0.015797999656,64818.33284577203,40916.08870941663,2664,1444,1486,5594,5.999998200501011e-07,150453.52108594033
visibilidad,0.8362727272727273,27,40154,40155,30.0,0.1,0.15,200.0,0.8362727272727273,4,1024,31,0.0302734375,0.015317999671,66849.45958959866,38582.54153914479,2643,1386,1394,5423,5.999998200501011e-07,150453.52108594033
visibilidad,0.8362727272727273,28,40156,40157,30.0,0.1,0.15,200.0,0.8362727272727273,4,1024,18,0.017578125,0.016341999638999998,62660.63043816471,45387.995808650216,2693,1527,1453,5673,5.999998200501011e-07,150453.52108594033
visibilidad,0.8362727272727273,29,40158,40159,30.0,0.1,0.15,200.0,0.8362727272727273,4,1024,20,0.01953125,0.01502999968,68130.40730550436,47704.292867884906,2624,1427,1395,5446,5.999998200501011e-07,150453.52108594033
visibilidad,0.8525454545454545,0,40200,40201,30.0,0.1,0.15,200.0,0.8525454545454545,4,1024,7,0.0068359375,0.015413999668,66433.11418553223,57967.328736973635,2666,1400,1510,5576,5.999998200501011e-07,150453.52108594033
visibilidad,0.8525454545454545,1,40202,40203,30.0,0.1,0.15,200.0,0.8525454545454545,4,1024,9,0.0087890625,0.015253999673,67129.93457135759,56595.05576258394,2667,1393,1419,5479,5.999998200501011e-07,150453.52108594033
visibilidad,0.8525454545454545,2,40204,40205,30.0,0.1,0.15,200.0,0.8525454545454545,4,1024,12,0.01171875,0.015253999673,67129.93457135759,53792.287951000195,2679,1409,1433,5521,5.999998200501011e-07,150453.52108594033
visibilidad,0.8525454545454545,3,40206,40207,30.0,0.1,0.15,200.0,0.8525454545454545,4,1024,13,0.0126953125,0.015541999664,65885.98778392047,51914.53688439156,2573,1480,1448,5501,5.999998200501011e-07,150453.52108594033
visibilidad,0.8525454545454545,4,40208,40209,30.0,0.1,0.15,200.0,0.8525454545454545,4,1024,13,0.0126953125,0.015605999661999999,65615.79022030867,51701.63605594529,2669,1479,1496,5644,5.999998200501011e-07,150453.52108594033
visibilidad,0.8525454545454545,5,40210,40211,30.0,0.1,0.15,200.0,0.8525454545454545,4,1024,16,0.015625,0.015733999658,65081.98946599977,48758.86923308959,2708,1448,1463,5619,5.999998200501011e-07,150453.52108594033
visibilidad,0.8525454545454545,6,40212,40213,30.0,0.1,0.15,200.0,0.8525454545454545,4,1024,15,0.0146484375,0.015701999658999998,65214.62375736765,49686.91856041998,2552,1467,1412,5431,5.999998200501011e-07,150453.52108594033
visibilidad,0.8525454545454545,7,40214,40215,30.0,0.1,0.15,200.0,0.8525454545454545,4,1024,15,0.0146484375,0.015733999658,65081.98946599977,49585.86470387956,2668,1497,1425,5590,5.999998200501011e-07,150453.52108594033
visibilidad,0.8525454545454545,8,40216,40217,30.0,0.1,0.15,200.0,0.8525454545454545,4,1024,12,0.01171875,0.015605999661999999,65615.79022030867,52578.97991709432,2618,1451,1435,5504,5.999998200501011e-07,150453.52108594033
visibilidad,0.8525454545454545,9,40218,40219,30.0,0.1,0.15,200.0,0.8525454545454545,4,1024,22,0.021484375,0.015637999661,65481.52079538531,44308.55092636504,2613,1457,1396,5466,5.999998200501011e-07,150453.52108594033
visibilidad,0.8525454545454545,10,40220,40221,30.0,0.1,0.15,200.0,0.8525454545454545,4,1024,18,0.017578125,0.016373999638,62538.171652547826,45299.29324039571,2707,1447,1491,5645,5.999998200501011e-07,150453.52108594033
visibilidad,0.8525454545454545,11,40222,40223,30.0,0.1,0.15,200.0,0.8525454545454545,4,1024,15,0.0146484375,0.015765999657,64949.893586059465,49485.22106215312,2667,1395,1399,5461,5.999998200501011e-07,150453.52108594033
visibilidad,0.8525454545454545,12,40224,40225,30.0,0.1,0.15,200.0,0.8525454545454545,4,1024,18,0.017578125,0.015541999664,65885.98778392047,47724.27146797391,2586,1471,1479,5536,5.999998200501011e-07,150453.52108594033
visibilidad,0.8525454545454545,13,40226,40227,30.0,0.1,0.15,200.0,0.8525454545454545,4,1024,16,0.015625,0.015445999666999999,66295.48245995052,49668.00779343163,2582,1438,1372,5392,5.999998200501011e-07,150453.52108594033
visibilidad,0.8525454545454545,14,40228,40229,30.0,0.1,0.15,200.0,0.8525454545454545,4,1024,12,0.01171875,0.015605999661999999,65615.79022030867,52578.97991709432,2582,1470,1441,5493,5.999998200501011e-07,150453.52108594033
visibilidad,0.8525454545454545,15,40230,40231,30.0,0.1,0.15,200.0,0.8525454545454545,4,1024,18,0.017578125,0.015221999674,67271.05649260047,48727.540862243695,2622,1432,1510,5564,5.999998200501011e-07,150453.52108594033
visibilidad,0.8525454545454545,16,40232,40233,30.0,0.1,0.15,200.0,0.8525454545454545,4,1024,19,0.0185546875,0.015317999671,66849.45958959866,47609.31455855162,2680,1427,1468,5575,5.999998200501011e-07,150453.52108594033
visibilidad,0.8525454545454545,17,40234,40235,30.0,0.1,0.15,200.0,0.8525454545454545,4,1024,11,0.0107421875,0.015509999665,66021.92276707571,53804.15568129007,2605,1408,1479,5492,5.999998200501011e-07,150453.52108594033
visibilidad,0.8525454545454545,18,40236,40237,30.0,0.1,0.15,200.0,0.8525454545454545,4,1024,10,0.009765625,0.01598999965,64040.02641738645,53079.6816466324,2706,1508,1455,5669,5.999998200501011e-07,150453.52108594033
visibilidad,0.8525454545454545,19,40238,40239,30.0,0.1,0.15,200.0,0.8525454545454545,4,1024,26,0.025390625,0.01566999966,65347.799758663175,41250.310745458526,2628,1377,1428,5433,5.999998200501011e-07,150453.52108594033
visibilidad,0.8525454545454545,20,40240,40241,30.0,0.1,0.15,200.0,0.8525454545454545,4,1024,13,0.0126953125,0.015189999675,67412.77300257744,53117.55971541383,2701,1425,1409,5535,5.999998200501011e-07,150453.52108594033
visibilidad,0.8525454545454545,21,40242,40243,30.0,0.1,0.15,200.0,0.8525454545454545,4,1024,19,0.0185546875,0.015861999653999998,64556.803829066586,45976.51498249297,2636,1460,1462,5558,5.999998200501011e-07,150453.52108594033
visibilidad,0.8525454545454545,22,40244,40245,30.0,0.1,0.15,200.0,0.8525454545454545,4,1024,14,0.013671875,0.016053999648,63784.727946444764,49421.13696380013,2622,1471,1517,5610,5.999998200501011e-07,150453.52108594033
visibilidad,0.8525454545454545,23,40246,40247,30.0,0.1,0.15,200.0,0.8525454545454545,4,1024,26,0.025390625,0.015893999653,64426.82914031142,40668.95491810475,2609,1494,1518,5621,5.999998200501011e-07,150453.52108594033
visibilidad,0.8525454545454545,24,40248,40249,30.0,0.1,0.15,200.0,0.8525454545454545,4,1024,17,0.0166015625,0.015861999653999998,64556.803829066586,47557.56425145298,2664,1485,1401,5550,5.999998200501011e-07,150453.52108594033
visibilidad,0.8525454545454545,25,40250,40251,30.0,0.1,0.15,200.0,0.8525454545454545,4,1024,12,0.01171875,0.015829999655,64687.30399981806,51834.969090179606,2664,1431,1451,5546,5.999998200501011e-07,150453.52108594033
visibilidad,0.8525454545454545,26,40252,40253,30.0,0.1,0.15,200.0,0.8525454545454545,4,1024,13,0.0126953125,0.015765999657,64949.893586059465,51176.94610983266,2723,1453,1473,5649,5.999998200501011e-07,150453.52108594033
visibilidad,0.8525454545454545,27,40254,40255,30.0,0.1,0.15,200.0,0.8525454545454545,4,1024,20,0.01953125,0.016149999645,63405.57414916278,44396.00757272563,2628,1450,1452,5530,5.999998200501011e-07,150453.52108594033
visibilidad,0.8525454545454545,28,40256,40257,30.0,0.1,0.15,200.0,0.8525454545454545,4,1024,21,0.0205078125,0.015317999671,66849.45958959866,46015.83387713351,2716,1426,1410,5552,5.999998200501011e-07,150453.52108594033
visibilidad,0.8525454545454545,29,40258,40259,30.0,0.1,0.15,200.0,0.8525454545454545,4,1024,20,0.01953125,0.015765999657,64949.893586059465,45477.32602674484,2625,1500,1433,5558,5.999998200501011e-07,150453.52108594033
visibilidad,0.8688181818181818,0,40300,40301,30.0,0.1,0.15,200.0,0.8688181818181818,4,1024,16,0.015625,0.01566999966,65347.799758663175,48958.012028310295,2594,1477,1432,5503,5.999998200501011e-07,150453.52108594033
visibilidad,0.8688181818181818,1,40302,40303,30.0,0.1,0.15,200.0,0.8688181818181818,4,1024,14,0.013671875,0.015829999655,64687.30399981806,50120.46321618236,2696,1489,1468,5653,5.999998200501011e-07,150453.52108594033
visibilidad,0.8688181818181818,2,40304,40305,30.0,0.1,0.15,200.0,0.8688181818181818,4,1024,15,0.0146484375,0.015797999656,64818.33284577203,49384.9851424807,2645,1467,1481,5593,5.999998200501011e-07,150453.52108594033
visibilidad,0.8688181818181818,3,40306,40307,30.0,0.1,0.15,200.0,0.8688181818181818,4,1024,16,0.015625,0.015893999653,64426.82914031142,48268.02872699787,2667,1476,1484,5627,5.999998200501011e-07,150453.52108594033
visibilidad,0.8688181818181818,4,40308,40309,30.0,0.1,0.15,200.0,0.8688181818181818,4,1024,18,0.017578125,0.015413999668,66433.11418553223,48120.5804525709,2690,1447,1433,5570,5.999998200501011e-07,150453.52108594033
visibilidad,0.8688181818181818,5,40310,40311,30.0,0.1,0.15,200.0,0.8688181818181818,4,1024,17,0.0166015625,0.015253999673,67129.93457135759,49453.13254705679,2657,1371,1486,5514,5.999998200501011e-07,150453.52108594033
visibilidad,0.8688181818181818,6,40312,40313,30.0,0.1,0.15,200.0,0.8688181818181818,4,1024,13,0.0126953125,0.015701999658999998,65214.62375736765,51385.53893366437,2602,1441,1445,5488,5.999998200501011e-07,150453.52108594033
visibilidad,0.8688181818181818,7,40314,40315,30.0,0.1,0.15,200.0,0.8688181818181818,4,1024,8,0.0078125,0.015893999653,64426.82914031142,55254.050923359755,2698,1398,1436,5532,5.999998200501011e-07,150453.52108594033
visibilidad,0.8688181818181818,8,40316,40317,30.0,0.1,0.15,200.0,0.8688181818181818,4,1024,11,0.0107421875,0.015829999655,64687.30399981806,52716.51641058843,2695,1502,1474,5671,5.999998200501011e-07,150453.52108594033
visibilidad,0.8688181818181818,9,40318,40319,30.0,0.1,0.15,200.0,0.8688181818181818,4,1024,14,0.013671875,0.015925999652,64297.37676601075,49818.34313433319,2770,1435,1430,5635,5.999998200501011e-07,150453.52108594033
visibilidad,0.8688181818181818,10,40320,40321,30.0,0.1,0.15,200.0,0.8688181818181818,4,1024,12,0.01171875,0.015893999653,64426.82914031142,51626.24642813554,2667,1430,1505,5602,5.999998200501011e-07,150453.52108594033
visibilidad,0.8688181818181818,11,40322,40323,30.0,0.1,0.15,200.0,0.8688181818181818,4,1024,15,0.0146484375,0.015893999653,64426.82914031142,49086.69908931419,2696,1444,1429,5569,5.999998200501011e-07,150453.52108594033
visibilidad,0.8688181818181818,12,40324,40325,30.0,0.1,0.15,200.0,0.8688181818181818,4,1024,7,0.0068359375,0.015893999653,64426.82914031142,56216.71104905985,2623,1469,1489,5581,5.999998200501011e-07,150453.52108594033
visibilidad,0.8688181818181818,13,40326,40327,30.0,0.1,0.15,200.0,0.8688181818181818,4,1024,13,0.0126953125,0.016597999631,61694.18139324936,48611.623855381265,2767,1511,1458,5736,5.999998200501011e-07,150453.52108594033
visibilidad,0.8688181818181818,14,40328,40329,30.0,0.1,0.15,200.0,0.8688181818181818,4,1024,13,0.0126953125,0.015701999658999998,65214.62375736765,51385.53893366437,2671,1423,1511,5605,5.999998200501011e-07,150453.52108594033
visibilidad,0.8688181818181818,15,40330,40331,30.0,0.1,0.15,200.0,0.8688181818181818,4,1024,13,0.0126953125,0.015797999656,64818.33284577203,51073.28347785407,2674,1456,1486,5616,5.999998200501011e-07,150453.52108594033
visibilidad,0.8688181818181818,16,40332,40333,30.0,0.1,0.15,200.0,0.8688181818181818,4,1024,7,0.0068359375,0.01566999966,65347.799758663175,57020.31941885559,2588,1426,1470,5484,5.999998200501011e-07,150453.52108594033
visibilidad,0.8688181818181818,17,40334,40335,30.0,0.1,0.15,200.0,0.8688181818181818,4,1024,14,0.013671875,0.015477999666,66158.41982794368,51260.30059061555,2683,1410,1421,5514,5.999998200501011e-07,150453.52108594033
visibilidad,0.8688181818181818,18,40336,40337,30.0,0.1,0.15,200.0,0.8688181818181818,4,1024,12,0.01171875,0.015957999651,64168.44356402975,51419.19794208415,2632,1434,1460,5526,5.999998200501011e-07,150453.52108594033
visibilidad,0.8688181818181818,19,40338,40339,30.0,0.1,0.15,200.0,0.8688181818181818,4,1024,15,0.0146484375,0.015509999665,66021.92276707571,50301.998397398114,2607,1443,1514,5564,5.999998200501011e-07,150453.52108594033
visibilidad,0.8688181818181818,20,40340,40341,30.0,0.1,0.15,200.0,0.8688181818181818,4,1024,10,0.009765625,0.016277999641,62906.99241820925,52140.564545412584,2789,1460,1576,5825,5.999998200501011e-07,150453.52108594033
visibilidad,0.8688181818181818,21,40342,40343,30.0,0.1,0.15,200.0,0.8688181818181818,4,1024,14,0.013671875,0.015765999657,64949.893586059465,50323.92063184776,2604,1419,1418,5441,5.999998200501011e-07,150453.52108594033
visibilidad,0.8688181818181818,22,40344,40345,30.0,0.1,0.15,200.0,0.8688181818181818,4,1024,12,0.01171875,0.015637999661,65481.52079538531,52471.38768399278,2705,1444,1375,5524,5.999998200501011e-07,150453.52108594033
visibilidad,0.8688181818181818,23,40346,40347,30.0,0.1,0.15,200.0,0.8688181818181818,4,1024,18,0.017578125,0.015573999663,65750.6114137637,47626.21209515401,2626,1472,1492,5590,5.999998200501011e-07,150453.52108594033
visibilidad,0.8688181818181818,24,40348,40349,30.0,0.1,0.15,200.0,0.8688181818181818,4,1024,15,0.0146484375,0.015701999658999998,65214.62375736765,49686.91856041998,2659,1452,1485,5596,5.999998200501011e-07,150453.52108594033
visibilidad,0.8688181818181818,25,40350,40351,30.0,0.1,0.15,200.0,0.8688181818181818,4,1024,10,0.009765625,0.016053999648,63784.727946444764,52868.077087412894,2739,1465,1473,5677,5.999998200501011e-07,150453.52108594033
visibilidad,0.8688181818181818,26,40352,40353,30.0,0.1,0.15,200.0,0.8688181818181818,4,1024,14,0.013671875,0.015829999655,64687.30399981806,50120.46321618236,2787,1459,1487,5733,5.999998200501011e-07,150453.52108594033
visibilidad,0.8688181818181818,27,40354,40355,30.0,0.1,0.15,200.0,0.8688181818181818,4,1024,12,0.01171875,0.016149999645,63405.57414916278,50807.898504723395,2608,1428,1508,5544,5.999998200501011e-07,150453.52108594033
visibilidad,0.8688181818181818,28,40356,40357,30.0,0.1,0.15,200.0,0.8688181818181818,4,1024,16,0.015625,0.016053999648,63784.727946444764,47786.97201064609,2696,1408,1481,5585,5.999998200501011e-07,150453.52108594033
visibilidad,0.8688181818181818,29,40358,40359,30.0,0.1,0.15,200.0,0.8688181818181818,4,1024,10,0.009765625,0.016501999633999998,62053.08585089259,51432.802677019106,2824,1517,1491,5832,5.999998200501011e-07,150453.52108594033
visibilidad,0.885090909090909,0,40400,40401,30.0,0.1,0.15,200.0,0.885090909090909,4,1024,15,0.0146484375,0.015445999666999999,66295.48245995052,50510.42309416329,2642,1495,1430,5567,5.999998200501011e-07,150453.52108594033
visibilidad,0.885090909090909,1,40402,40403,30.0,0.1,0.15,200.0,0.885090909090909,4,1024,15,0.0146484375,0.015157999676,67555.08786699093,51470.11445895186,2709,1430,1449,5588,5.999998200501011e-07,150453.52108594033
visibilidad,0.885090909090909,2,40404,40405,30.0,0.1,0.15,200.0,0.885090909090909,4,1024,9,0.0087890625,0.016021999648999998,63912.12223400044,53882.22325605621,2721,1518,1480,5719,5.999998200501011e-07,150453.52108594033
visibilidad,0.885090909090909,3,40406,40407,30.0,0.1,0.15,200.0,0.885090909090909,4,1024,14,0.013671875,0.016533999633,61932.98794782911,47986.38762741086,2672,1450,1465,5587,5.999998200501011e-07,150453.52108594033
visibilidad,0.885090909090909,4,40408,40409,30.0,0.1,0.15,200.0,0.885090909090909,4,1024,18,0.017578125,0.016341999638999998,62660.63043816471,45387.995808650216,2668,1468,1470,5606,5.999998200501011e-07,150453.52108594033
visibilidad,0.885090909090909,5,40410,40411,30.0,0.1,0.15,200.0,0.885090909090909,4,1024,14,0.013671875,0.01598999965,64040.02641738645,49618.94513991481,2655,1532,1439,5626,5.999998200501011e-07,150453.52108594033
visibilidad,0.885090909090909,6,40412,40413,30.0,0.1,0.15,200.0,0.885090909090909,4,1024,10,0.009765625,0.015125999677,67698.00488340973,56111.6031386891,2667,1437,1361,5465,5.999998200501011e-07,150453.52108594033
visibilidad,0.885090909090909,7,40414,40415,30.0,0.1,0.15,200.0,0.885090909090909,4,1024,9,0.0087890625,0.015317999671,66849.45958959866,56358.59646415005,2652,1442,1440,5534,5.999998200501011e-07,150453.52108594033
visibilidad,0.885090909090909,8,40416,40417,30.0,0.1,0.15,200.0,0.885090909090909,4,1024,9,0.0087890625,0.015925999652,64297.37676601075,54207.01877181431,2663,1529,1407,5599,5.999998200501011e-07,150453.52108594033
visibilidad,0.885090909090909,9,40418,40419,30.0,0.1,0.15,200.0,0.885090909090909,4,1024,11,0.0107421875,0.015829999655,64687.30399981806,52716.51641058843,2678,1469,1400,5547,5.999998200501011e-07,150453.52108594033
visibilidad,0.885090909090909,10,40420,40421,30.0,0.1,0.15,200.0,0.885090909090909,4,1024,16,0.015625,0.015701999658999998,65214.62375736765,48858.23770848028,2716,1395,1512,5623,5.999998200501011e-07,150453.52108594033
visibilidad,0.885090909090909,11,40422,40423,30.0,0.1,0.15,200.0,0.885090909090909,4,1024,11,0.0107421875,0.016085999647,63657.84051170072,51877.56153830635,2766,1493,1465,5724,5.999998200501011e-07,150453.52108594033
visibilidad,0.885090909090909,12,40424,40425,30.0,0.1,0.15,200.0,0.885090909090909,4,1024,12,0.01171875,0.016213999643,63155.29928126569,50607.349258745686,2695,1443,1467,5605,5.999998200501011e-07,150453.52108594033
visibilidad,0.885090909090909,13,40426,40427,30.0,0.1,0.15,200.0,0.885090909090909,4,1024,9,0.0087890625,0.01534999967,66710.0991540282,56241.10623162458,2688,1453,1455,5596,5.999998200501011e-07,150453.52108594033
visibilidad,0.885090909090909,14,40428,40429,30.0,0.1,0.15,200.0,0.885090909090909,4,1024,14,0.013671875,0.015829999655,64687.30399981806,50120.46321618236,2650,1499,1417,5566,5.999998200501011e-07,150453.52108594033
visibilidad,0.885090909090909,15,40430,40431,30.0,0.1,0.15,200.0,0.885090909090909,4,1024,15,0.0146484375,0.01598999965,64040.02641738645,48791.994707296646,2649,1383,1467,5499,5.999998200501011e-07,150453.52108594033
visibilidad,0.885090909090909,16,40432,40433,30.0,0.1,0.15,200.0,0.885090909090909,4,1024,7,0.0068359375,0.015733999658,65081.98946599977,56788.382186868264,2710,1413,1464,5587,5.999998200501011e-07,150453.52108594033
visibilidad,0.885090909090909,17,40434,40435,30.0,0.1,0.15,200.0,0.885090909090909,4,1024,13,0.0126953125,0.016053999648,63784.727946444764,50258.85963031318,2610,1432,1461,5503,5.999998200501011e-07,150453.52108594033
visibilidad,0.885090909090909,18,40436,40437,30.0,0.1,0.15,200.0,0.885090909090909,4,1024,16,0.015625,0.015509999665,66021.92276707571,49463.05921392799,2637,1401,1450,5488,5.999998200501011e-07,150453.52108594033
visibilidad,0.885090909090909,19,40438,40439,30.0,0.1,0.15,200.0,0.885090909090909,4,1024,7,0.0068359375,0.015861999653999998,64556.803829066586,56330.12264511291,2649,1440,1488,5577,5.999998200501011e-07,150453.52108594033
visibilidad,0.885090909090909,20,40440,40441,30.0,0.1,0.15,200.0,0.885090909090909,4,1024,9,0.0087890625,0.01598999965,64040.02641738645,53990.05509645976,2795,1461,1433,5689,5.999998200501011e-07,150453.52108594033
visibilidad,0.885090909090909,21,40442,40443,30.0,0.1,0.15,200.0,0.885090909090909,4,1024,14,0.013671875,0.016021999648999998,63912.12223400044,49519.84351529598,2686,1425,1429,5540,5.999998200501011e-07,150453.52108594033
visibilidad,0.885090909090909,22,40444,40445,30.0,0.1,0.15,200.0,0.885090909090909,4,1024,10,0.009765625,0.015765999657,64949.893586059465,53833.82655186896,2578,1520,1466,5564,5.999998200501011e-07,150453.52108594033
visibilidad,0.885090909090909,23,40446,40447,30.0,0.1,0.15,200.0,0.885090909090909,4,1024,10,0.009765625,0.015477999666,66158.41982794368,54835.515523118345,2647,1496,1461,5604,5.999998200501011e-07,150453.52108594033
visibilidad,0.885090909090909,24,40448,40449,30.0,0.1,0.15,200.0,0.885090909090909,4,1024,9,0.0087890625,0.01566999966,65347.799758663175,55092.59609619367,2643,1477,1446,5566,5.999998200501011e-07,150453.52108594033
visibilidad,0.885090909090909,25,40450,40451,30.0,0.1,0.15,200.0,0.885090909090909,4,1024,6,0.005859375,0.015637999661,65481.52079538531,58144.18024166441,2559,1541,1474,5574,5.999998200501011e-07,150453.52108594033
visibilidad,0.885090909090909,26,40452,40453,30.0,0.1,0.15,200.0,0.885090909090909,4,1024,9,0.0087890625,0.015573999663,65750.6114137637,55432.19344911527,2716,1489,1447,5652,5.999998200501011e-07,150453.52108594033
visibilidad,0.885090909090909,27,40454,40455,30.0,0.1,0.15,200.0,0.885090909090909,4,1024,10,0.009765625,0.015541999664,65885.98778392047,54609.7097735572,2691,1460,1410,5561,5.999998200501011e-07,150453.52108594033
visibilidad,0.885090909090909,28,40456,40457,30.0,0.1,0.15,200.0,0.885090909090909,4,1024,15,0.0146484375,0.014773999688,69310.95313557719,52807.9054263261,2601,1411,1336,5348,5.999998200501011e-07,150453.52108594033
visibilidad,0.885090909090909,29,40458,40459,30.0,0.1,0.15,200.0,0.885090909090909,4,1024,7,0.0068359375,0.015061999679,67985.66072390102,59322.02927558956,2615,1407,1439,5461,5.999998200501011e-07,150453.52108594033
visibilidad,0.9013636363636364,0,40500,40501,30.0,0.1,0.15,200.0,0.9013636363636364,4,1024,6,0.005859375,0.016021999648999998,63912.12223400044,56750.6360521623,2711,1496,1448,5655,5.999998200501011e-07,150453.52108594033
visibilidad,0.9013636363636364,1,40502,40503,30.0,0.1,0.15,200.0,0.9013636363636364,4,1024,8,0.0078125,0.015605999661999999,65615.79022030867,56273.733514241074,2675,1439,1432,5546,5.999998200501011e-07,150453.52108594033
visibilidad,0.9013636363636364,2,40504,40505,30.0,0.1,0.15,200.0,0.9013636363636364,4,1024,13,0.0126953125,0.015573999663,65750.6114137637,51807.86774580586,2650,1500,1447,5597,5.999998200501011e-07,150453.52108594033
visibilidad,0.9013636363636364,3,40506,40507,30.0,0.1,0.15,200.0,0.9013636363636364,4,1024,14,0.013671875,0.016181999643999998,63280.18925520625,49030.21461348186,2725,1429,1489,5643,5.999998200501011e-07,150453.52108594033
visibilidad,0.9013636363636364,4,40508,40509,30.0,0.1,0.15,200.0,0.9013636363636364,4,1024,12,0.01171875,0.015733999658,65081.98946599977,52151.236853324124,2571,1451,1438,5460,5.999998200501011e-07,150453.52108594033
visibilidad,0.9013636363636364,5,40510,40511,30.0,0.1,0.15,200.0,0.9013636363636364,4,1024,7,0.0068359375,0.015509999665,66021.92276707571,57608.53676372782,2641,1558,1449,5648,5.999998200501011e-07,150453.52108594033
visibilidad,0.9013636363636364,6,40512,40513,30.0,0.1,0.15,200.0,0.9013636363636364,4,1024,13,0.0126953125,0.015189999675,67412.77300257744,53117.55971541383,2613,1400,1442,5455,5.999998200501011e-07,150453.52108594033
visibilidad,0.9013636363636364,7,40514,40515,30.0,0.1,0.15,200.0,0.9013636363636364,4,1024,12,0.01171875,0.015861999653999998,64556.803829066586,51730.39722060246,2695,1479,1445,5619,5.999998200501011e-07,150453.52108594033
visibilidad,0.9013636363636364,8,40516,40517,30.0,0.1,0.15,200.0,0.9013636363636364,4,1024,6,0.005859375,0.014741999689,69461.40426010695,61678.10948922555,2670,1386,1429,5485,5.999998200501011e-07,150453.52108594033
visibilidad,0.9013636363636364,9,40518,40519,30.0,0.1,0.15,200.0,0.9013636363636364,4,1024,9,0.0087890625,0.015477999666,66158.41982794368,55776.003406451564,2604,1475,1436,5515,5.999998200501011e-07,150453.52108594033
visibilidad,0.9013636363636364,10,40520,40521,30.0,0.1,0.15,200.0,0.9013636363636364,4,1024,12,0.01171875,0.016373999638,62538.171652547826,50112.83504063302,2746,1471,1520,5737,5.999998200501011e-07,150453.52108594033
visibilidad,0.9013636363636364,11,40522,40523,30.0,0.1,0.15,200.0,0.9013636363636364,4,1024,16,0.015625,0.015925999652,64297.37676601075,48171.044116628254,2682,1465,1544,5691,5.999998200501011e-07,150453.52108594033
visibilidad,0.9013636363636364,12,40524,40525,30.0,0.1,0.15,200.0,0.9013636363636364,4,1024,8,0.0078125,0.015893999653,64426.82914031142,55254.050923359755,2602,1461,1479,5542,5.999998200501011e-07,150453.52108594033
visibilidad,0.9013636363636364,13,40526,40527,30.0,0.1,0.15,200.0,0.9013636363636364,4,1024,16,0.015625,0.016053999648,63784.727946444764,47786.97201064609,2667,1537,1417,5621,5.999998200501011e-07,150453.52108594033
visibilidad,0.9013636363636364,14,40528,40529,30.0,0.1,0.15,200.0,0.9013636363636364,4,1024,15,0.0146484375,0.015509999665,66021.92276707571,50301.998397398114,2643,1430,1429,5502,5.999998200501011e-07,150453.52108594033
visibilidad,0.9013636363636364,15,40530,40531,30.0,0.1,0.15,200.0,0.9013636363636364,4,1024,12,0.01171875,0.015605999661999999,65615.79022030867,52578.97991709432,2670,1408,1418,5496,5.999998200501011e-07,150453.52108594033
visibilidad,0.9013636363636364,16,40532,40533,30.0,0.1,0.15,200.0,0.9013636363636364,4,1024,13,0.0126953125,0.015637999661,65481.52079538531,51595.839129359156,2580,1415,1447,5442,5.999998200501011e-07,150453.52108594033
visibilidad,0.9013636363636364,17,40534,40535,30.0,0.1,0.15,200.0,0.9013636363636364,4,1024,10,0.009765625,0.015317999671,66849.45958959866,55408.28497069391,2639,1454,1450,5543,5.999998200501011e-07,150453.52108594033
visibilidad,0.9013636363636364,18,40536,40537,30.0,0.1,0.15,200.0,0.9013636363636364,4,1024,15,0.0146484375,0.015701999658999998,65214.62375736765,49686.91856041998,2646,1488,1447,5581,5.999998200501011e-07,150453.52108594033
visibilidad,0.9013636363636364,19,40538,40539,30.0,0.1,0.15,200.0,0.9013636363636364,4,1024,7,0.0068359375,0.015573999663,65750.6114137637,57371.79948894663,2619,1456,1392,5467,5.999998200501011e-07,150453.52108594033
visibilidad,0.9013636363636364,20,40540,40541,30.0,0.1,0.15,200.0,0.9013636363636364,4,1024,13,0.0126953125,0.016117999646,63531.456910915476,50059.295975612346,2731,1418,1468,5617,5.999998200501011e-07,150453.52108594033
visibilidad,0.9013636363636364,21,40542,40543,30.0,0.1,0.15,200.0,0.9013636363636364,4,1024,12,0.01171875,0.015541999664,65885.98778392047,52795.493537110066,2664,1386,1392,5442,5.999998200501011e-07,150453.52108594033
visibilidad,0.9013636363636364,22,40544,40545,30.0,0.1,0.15,200.0,0.9013636363636364,4,1024,15,0.0146484375,0.016021999648999998,63912.12223400044,48694.544712536546,2664,1388,1464,5516,5.999998200501011e-07,150453.52108594033
visibilidad,0.9013636363636364,23,40546,40547,30.0,0.1,0.15,200.0,0.9013636363636364,4,1024,8,0.0078125,0.015253999673,67129.93457135759,57572.30136546918,2617,1418,1418,5453,5.999998200501011e-07,150453.52108594033
visibilidad,0.9013636363636364,24,40548,40549,30.0,0.1,0.15,200.0,0.9013636363636364,4,1024,9,0.0087890625,0.015573999663,65750.6114137637,55432.19344911527,2639,1479,1442,5560,5.999998200501011e-07,150453.52108594033
visibilidad,0.9013636363636364,25,40550,40551,30.0,0.1,0.15,200.0,0.9013636363636364,4,1024,15,0.0146484375,0.015733999658,65081.98946599977,49585.86470387956,2635,1409,1474,5518,5.999998200501011e-07,150453.52108594033
visibilidad,0.9013636363636364,26,40552,40553,30.0,0.1,0.15,200.0,0.9013636363636364,4,1024,13,0.0126953125,0.015605999661999999,65615.79022030867,51701.63605594529,2721,1372,1459,5552,5.999998200501011e-07,150453.52108594033
visibilidad,0.9013636363636364,27,40554,40555,30.0,0.1,0.15,200.0,0.9013636363636364,4,1024,13,0.0126953125,0.016181999643999998,63280.18925520625,49861.31087409195,2663,1419,1443,5525,5.999998200501011e-07,150453.52108594033
visibilidad,0.9013636363636364,28,40556,40557,30.0,0.1,0.15,200.0,0.9013636363636364,4,1024,12,0.01171875,0.015893999653,64426.82914031142,51626.24642813554,2673,1494,1474,5641,5.999998200501011e-07,150453.52108594033
visibilidad,0.9013636363636364,29,40558,40559,30.0,0.1,0.15,200.0,0.9013636363636364,4,1024,11,0.0107421875,0.01534999967,66710.0991540282,54364.98075132641,2663,1456,1432,5551,5.999998200501011e-07,150453.52108594033
visibilidad,0.9176363636363636,0,40600,40601,30.0,0.1,0.15,200.0,0.9176363636363636,4,1024,9,0.0087890625,0.015253999673,67129.93457135759,56595.05576258394,2699,1386,1433,5518,5.999998200501011e-07,150453.52108594033
visibilidad,0.9176363636363636,1,40602,40603,30.0,0.1,0.15,200.0,0.9176363636363636,4,1024,8,0.0078125,0.015157999676,67555.08786699093,57936.923405085596,2612,1428,1414,5454,5.999998200501011e-07,150453.52108594033
visibilidad,0.9176363636363636,2,40604,40605,30.0,0.1,0.15,200.0,0.9176363636363636,4,1024,7,0.0068359375,0.015861999653999998,64556.803829066586,56330.12264511291,2658,1500,1528,5686,5.999998200501011e-07,150453.52108594033
visibilidad,0.9176363636363636,3,40606,40607,30.0,0.1,0.15,200.0,0.9176363636363636,4,1024,5,0.0048828125,0.015765999657,64949.893586059465,58704.41703633143,2692,1486,1512,5690,5.999998200501011e-07,150453.52108594033
visibilidad,0.9176363636363636,4,40608,40609,30.0,0.1,0.15,200.0,0.9176363636363636,4,1024,6,0.005859375,0.015477999666,66158.41982794368,58745.231330222145,2711,1456,1437,5604,5.999998200501011e-07,150453.52108594033
visibilidad,0.9176363636363636,5,40610,40611,30.0,0.1,0.15,200.0,0.9176363636363636,4,1024,4,0.00390625,0.015765999657,64949.893586059465,59776.703830448125,2628,1465,1450,5543,5.999998200501011e-07,150453.52108594033
visibilidad,0.9176363636363636,6,40612,40613,30.0,0.1,0.15,200.0,0.9176363636363636,4,1024,10,0.009765625,0.014773999688,69310.95313557719,57448.49796099194,2511,1331,1414,5256,5.999998200501011e-07,150453.52108594033
visibilidad,0.9176363636363636,7,40614,40615,30.0,0.1,0.15,200.0,0.9176363636363636,4,1024,13,0.0126953125,0.016021999648999998,63912.12223400044,50359.23932655238,2678,1406,1370,5454,5.999998200501011e-07,150453.52108594033
visibilidad,0.9176363636363636,8,40616,40617,30.0,0.1,0.15,200.0,0.9176363636363636,4,1024,8,0.0078125,0.015573999663,65750.6114137637,56389.359522662024,2729,1421,1487,5637,5.999998200501011e-07,150453.52108594033
visibilidad,0.9176363636363636,9,40618,40619,30.0,0.1,0.15,200.0,0.9176363636363636,4,1024,10,0.009765625,0.015605999661999999,65615.79022030867,54385.7560767749,2611,1423,1455,5489,5.999998200501011e-07,150453.52108594033
visibilidad,0.9176363636363636,10,40620,40621,30.0,0.1,0.15,200.0,0.9176363636363636,4,1024,8,0.0078125,0.015541999664,65885.98778392047,56505.461664429255,2694,1450,1433,5577,5.999998200501011e-07,150453.52108594033
visibilidad,0.9176363636363636,11,40622,40623,30.0,0.1,0.15,200.0,0.9176363636363636,4,1024,10,0.009765625,0.015925999652,64297.37676601075,53292.98690805745,2686,1387,1511,5584,5.999998200501011e-07,150453.52108594033
visibilidad,0.9176363636363636,12,40624,40625,30.0,0.1,0.15,200.0,0.9176363636363636,4,1024,10,0.009765625,0.016117999646,63531.456910915476,52658.1529713829,2660,1455,1485,5600,5.999998200501011e-07,150453.52108594033
visibilidad,0.9176363636363636,13,40626,40627,30.0,0.1,0.15,200.0,0.9176363636363636,4,1024,5,0.0048828125,0.014997999681,68275.77155487206,61710.48396751772,2548,1401,1410,5359,5.999998200501011e-07,150453.52108594033
visibilidad,0.9176363636363636,14,40628,40629,30.0,0.1,0.15,200.0,0.9176363636363636,4,1024,5,0.0048828125,0.015925999652,64297.37676601075,58114.645176634614,2664,1429,1470,5563,5.999998200501011e-07,150453.52108594033
visibilidad,0.9176363636363636,15,40630,40631,30.0,0.1,0.15,200.0,0.9176363636363636,4,1024,5,0.0048828125,0.014869999685,68863.48498264948,62241.68382416387,2651,1472,1377,5500,5.999998200501011e-07,150453.52108594033
visibilidad,0.9176363636363636,16,40632,40633,30.0,0.1,0.15,200.0,0.9176363636363636,4,1024,12,0.01171875,0.016053999648,63784.727946444764,51111.72049369655,2669,1447,1471,5587,5.999998200501011e-07,150453.52108594033
visibilidad,0.9176363636363636,17,40634,40635,30.0,0.1,0.15,200.0,0.9176363636363636,4,1024,9,0.0087890625,0.015797999656,64818.33284577203,54646.21983125533,2650,1442,1495,5587,5.999998200501011e-07,150453.52108594033
visibilidad,0.9176363636363636,18,40636,40637,30.0,0.1,0.15,200.0,0.9176363636363636,4,1024,14,0.013671875,0.015765999657,64949.893586059465,50323.92063184776,2764,1473,1479,5716,5.999998200501011e-07,150453.52108594033
visibilidad,0.9176363636363636,19,40638,40639,30.0,0.1,0.15,200.0,0.9176363636363636,4,1024,10,0.009765625,0.015957999651,64168.44356402975,53186.12041068552,2720,1458,1481,5659,5.999998200501011e-07,150453.52108594033
visibilidad,0.9176363636363636,20,40640,40641,30.0,0.1,0.15,200.0,0.9176363636363636,4,1024,12,0.01171875,0.015285999672,66989.40350467907,53679.67816442582,2621,1465,1419,5505,5.999998200501011e-07,150453.52108594033
visibilidad,0.9176363636363636,21,40642,40643,30.0,0.1,0.15,200.0,0.9176363636363636,4,1024,13,0.0126953125,0.015765999657,64949.893586059465,51176.94610983266,2626,1457,1434,5517,5.999998200501011e-07,150453.52108594033
visibilidad,0.9176363636363636,22,40644,40645,30.0,0.1,0.15,200.0,0.9176363636363636,4,1024,8,0.0078125,0.01598999965,64040.02641738645,54922.319288651415,2714,1462,1404,5580,5.999998200501011e-07,150453.52108594033
visibilidad,0.9176363636363636,23,40646,40647,30.0,0.1,0.15,200.0,0.9176363636363636,4,1024,8,0.0078125,0.01534999967,66710.0991540282,57212.24007053835,2711,1402,1428,5541,5.999998200501011e-07,150453.52108594033
visibilidad,0.9176363636363636,24,40648,40649,30.0,0.1,0.15,200.0,0.9176363636363636,4,1024,8,0.0078125,0.016149999645,63405.57414916278,54378.19724501451,2680,1494,1469,5643,5.999998200501011e-07,150453.52108594033
visibilidad,0.9176363636363636,25,40650,40651,30.0,0.1,0.15,200.0,0.9176363636363636,4,1024,8,0.0078125,0.015221999674,67271.05649260047,57693.33103473592,2592,1370,1393,5355,5.999998200501011e-07,150453.52108594033
visibilidad,0.9176363636363636,26,40652,40653,30.0,0.1,0.15,200.0,0.9176363636363636,4,1024,9,0.0087890625,0.015605999661999999,65615.79022030867,55318.53010339198,2710,1415,1440,5565,5.999998200501011e-07,150453.52108594033
visibilidad,0.9176363636363636,27,40654,40655,30.0,0.1,0.15,200.0,0.9176363636363636,4,1024,8,0.0078125,0.01566999966,65347.799758663175,56043.89822958837,2633,1381,1428,5442,5.999998200501011e-07,150453.52108594033
visibilidad,0.9176363636363636,28,40656,40657,30.0,0.1,0.15,200.0,0.9176363636363636,4,1024,9,0.0087890625,0.015605999661999999,65615.79022030867,55318.53010339198,2614,1503,1427,5544,5.999998200501011e-07,150453.52108594033
visibilidad,0.9176363636363636,29,40658,40659,30.0,0.1,0.15,200.0,0.9176363636363636,4,1024,6,0.005859375,0.015861999653999998,64556.803829066586,57323.079734085026,2700,1429,1435,5564,5.999998200501011e-07,150453.52108594033
visibilidad,0.9339090909090909,0,40700,40701,30.0,0.1,0.15,200.0,0.9339090909090909,4,1024,9,0.0087890625,0.015541999664,65885.98778392047,55546.32484618694,2646,1412,1411,5469,5.999998200501011e-07,150453.52108594033
visibilidad,0.9339090909090909,1,40702,40703,30.0,0.1,0.15,200.0,0.9339090909090909,4,1024,4,0.00390625,0.015445999666999999,66295.48245995052,61015.11798559304,2701,1449,1392,5542,5.999998200501011e-07,150453.52108594033
visibilidad,0.9339090909090909,2,40704,40705,30.0,0.1,0.15,200.0,0.9339090909090909,4,1024,8,0.0078125,0.015221999674,67271.05649260047,57693.33103473592,2557,1436,1416,5409,5.999998200501011e-07,150453.52108594033
visibilidad,0.9339090909090909,3,40706,40707,30.0,0.1,0.15,200.0,0.9339090909090909,4,1024,5,0.0048828125,0.015637999661,65481.52079538531,59184.92383443378,2649,1412,1451,5512,5.999998200501011e-07,150453.52108594033
visibilidad,0.9339090909090909,4,40708,40709,30.0,0.1,0.15,200.0,0.9339090909090909,4,1024,8,0.0078125,0.015477999666,66158.41982794368,56739.10616058831,2656,1441,1414,5511,5.999998200501011e-07,150453.52108594033
visibilidad,0.9339090909090909,5,40710,40711,30.0,0.1,0.15,200.0,0.9339090909090909,4,1024,14,0.013671875,0.015893999653,64426.82914031142,49918.644314985315,2639,1432,1416,5487,5.999998200501011e-07,150453.52108594033
visibilidad,0.9339090909090909,6,40712,40713,30.0,0.1,0.15,200.0,0.9339090909090909,4,1024,6,0.005859375,0.01566999966,65347.799758663175,58025.44292513859,2680,1488,1443,5611,5.999998200501011e-07,150453.52108594033
visibilidad,0.9339090909090909,7,40714,40715,30.0,0.1,0.15,200.0,0.9339090909090909,4,1024,7,0.0068359375,0.015445999666999999,66295.48245995052,57847.23586492866,2617,1421,1380,5418,5.999998200501011e-07,150453.52108594033
visibilidad,0.9339090909090909,8,40716,40717,30.0,0.1,0.15,200.0,0.9339090909090909,4,1024,10,0.009765625,0.015861999653999998,64556.803829066586,53508.0134576684,2649,1469,1464,5582,5.999998200501011e-07,150453.52108594033
visibilidad,0.9339090909090909,9,40718,40719,30.0,0.1,0.15,200.0,0.9339090909090909,4,1024,8,0.0078125,0.015605999661999999,65615.79022030867,56273.733514241074,2683,1429,1424,5536,5.999998200501011e-07,150453.52108594033
visibilidad,0.9339090909090909,10,40720,40721,30.0,0.1,0.15,200.0,0.9339090909090909,4,1024,10,0.009765625,0.016021999648999998,63912.12223400044,52973.668053022164,2701,1498,1488,5687,5.999998200501011e-07,150453.52108594033
visibilidad,0.9339090909090909,11,40722,40723,30.0,0.1,0.15,200.0,0.9339090909090909,4,1024,6,0.005859375,0.016405999637,62416.190580097355,55422.3266504069,2710,1542,1532,5784,5.999998200501011e-07,150453.52108594033
visibilidad,0.9339090909090909,12,40724,40725,30.0,0.1,0.15,200.0,0.9339090909090909,4,1024,8,0.0078125,0.015765999657,64949.893586059465,55702.64400030009,2666,1484,1473,5623,5.999998200501011e-07,150453.52108594033
visibilidad,0.9339090909090909,13,40726,40727,30.0,0.1,0.15,200.0,0.9339090909090909,4,1024,4,0.00390625,0.016277999641,62906.99241820925,57896.51756188017,2734,1513,1456,5703,5.999998200501011e-07,150453.52108594033
visibilidad,0.9339090909090909,14,40728,40729,30.0,0.1,0.15,200.0,0.9339090909090909,4,1024,7,0.0068359375,0.015925999652,64297.37676601075,56103.75520725011,2618,1384,1399,5401,5.999998200501011e-07,150453.52108594033
visibilidad,0.9339090909090909,15,40730,40731,30.0,0.1,0.15,200.0,0.9339090909090909,4,1024,4,0.00390625,0.01534999967,66710.0991540282,61396.710902172665,2626,1466,1529,5621,5.999998200501011e-07,150453.52108594033
visibilidad,0.9339090909090909,16,40732,40733,30.0,0.1,0.15,200.0,0.9339090909090909,4,1024,6,0.005859375,0.015605999661999999,65615.79022030867,58263.40449835331,2687,1432,1410,5529,5.999998200501011e-07,150453.52108594033
visibilidad,0.9339090909090909,17,40734,40735,30.0,0.1,0.15,200.0,0.9339090909090909,4,1024,8,0.0078125,0.015733999658,65081.98946599977,55815.93271207406,2662,1427,1476,5565,5.999998200501011e-07,150453.52108594033
visibilidad,0.9339090909090909,18,40736,40737,30.0,0.1,0.15,200.0,0.9339090909090909,4,1024,5,0.0048828125,0.015925999652,64297.37676601075,58114.645176634614,2712,1504,1439,5655,5.999998200501011e-07,150453.52108594033
visibilidad,0.9339090909090909,19,40738,40739,30.0,0.1,0.15,200.0,0.9339090909090909,4,1024,2,0.001953125,0.01598999965,64040.02641738645,61219.116271801664,2765,1485,1481,5731,5.999998200501011e-07,150453.52108594033
visibilidad,0.9339090909090909,20,40740,40741,30.0,0.1,0.15,200.0,0.9339090909090909,4,1024,12,0.01171875,0.016213999643,63155.29928126569,50607.349258745686,2752,1487,1539,5778,5.999998200501011e-07,150453.52108594033
visibilidad,0.9339090909090909,21,40742,40743,30.0,0.1,0.15,200.0,0.9339090909090909,4,1024,10,0.009765625,0.015445999666999999,66295.48245995052,54949.12011199149,2673,1422,1453,5548,5.999998200501011e-07,150453.52108594033
visibilidad,0.9339090909090909,22,40744,40745,30.0,0.1,0.15,200.0,0.9339090909090909,4,1024,7,0.0068359375,0.015861999653999998,64556.803829066586,56330.12264511291,2646,1432,1442,5520,5.999998200501011e-07,150453.52108594033
visibilidad,0.9339090909090909,23,40746,40747,30.0,0.1,0.15,200.0,0.9339090909090909,4,1024,8,0.0078125,0.015765999657,64949.893586059465,55702.64400030009,2621,1468,1381,5470,5.999998200501011e-07,150453.52108594033
visibilidad,0.9339090909090909,24,40748,40749,30.0,0.1,0.15,200.0,0.9339090909090909,4,1024,10,0.009765625,0.015765999657,64949.893586059465,53833.82655186896,2634,1433,1526,5593,5.999998200501011e-07,150453.52108594033
visibilidad,0.9339090909090909,25,40750,40751,30.0,0.1,0.15,200.0,0.9339090909090909,4,1024,6,0.005859375,0.014805999687,69161.15234684861,61411.501427128926,2620,1388,1374,5382,5.999998200501011e-07,150453.52108594033
visibilidad,0.9339090909090909,26,40752,40753,30.0,0.1,0.15,200.0,0.9339090909090909,4,1024,7,0.0068359375,0.016405999637,62416.190580097355,54462.294628573174,2694,1488,1518,5700,5.999998200501011e-07,150453.52108594033
visibilidad,0.9339090909090909,27,40754,40755,30.0,0.1,0.15,200.0,0.9339090909090909,4,1024,10,0.009765625,0.015285999672,66989.40350467907,55524.277715800505,2685,1464,1400,5549,5.999998200501011e-07,150453.52108594033
visibilidad,0.9339090909090909,28,40756,40757,30.0,0.1,0.15,200.0,0.9339090909090909,4,1024,2,0.001953125,0.015733999658,65081.98946599977,62215.18171075442,2641,1384,1396,5421,5.999998200501011e-07,150453.52108594033
visibilidad,0.9339090909090909,29,40758,40759,30.0,0.1,0.15,200.0,0.9339090909090909,4,1024,10,0.009765625,0.015573999663,65750.6114137637,54497.50284560305,2608,1459,1434,5501,5.999998200501011e-07,150453.52108594033
visibilidad,0.9501818181818181,0,40800,40801,30.0,0.1,0.15,200.0,0.9501818181818181,4,1024,5,0.0048828125,0.016277999641,62906.99241820925,56857.95793532333,2762,1514,1450,5726,5.999998200501011e-07,150453.52108594033
visibilidad,0.9501818181818181,1,40802,40803,30.0,0.1,0.15,200.0,0.9501818181818181,4,1024,5,0.0048828125,0.015765999657,64949.893586059465,58704.41703633143,2712,1533,1412,5657,5.999998200501011e-07,150453.52108594033
visibilidad,0.9501818181818181,2,40804,40805,30.0,0.1,0.15,200.0,0.9501818181818181,4,1024,7,0.0068359375,0.015701999658999998,65214.62375736765,56904.11446381745,2647,1460,1494,5601,5.999998200501011e-07,150453.52108594033
visibilidad,0.9501818181818181,3,40806,40807,30.0,0.1,0.15,200.0,0.9501818181818181,4,1024,8,0.0078125,0.015797999656,64818.33284577203,55589.814237600986,2628,1496,1496,5620,5.999998200501011e-07,150453.52108594033
visibilidad,0.9501818181818181,4,40808,40809,30.0,0.1,0.15,200.0,0.9501818181818181,4,1024,3,0.0029296875,0.015925999652,64297.37676601075,60287.30515160892,2703,1406,1469,5578,5.999998200501011e-07,150453.52108594033
visibilidad,0.9501818181818181,5,40810,40811,30.0,0.1,0.15,200.0,0.9501818181818181,4,1024,4,0.00390625,0.015893999653,64426.82914031142,59295.30090996005,2739,1547,1383,5669,5.999998200501011e-07,150453.52108594033
visibilidad,0.9501818181818181,6,40812,40813,30.0,0.1,0.15,200.0,0.9501818181818181,4,1024,7,0.0068359375,0.015637999661,65481.52079538531,57136.99995370261,2633,1454,1415,5502,5.999998200501011e-07,150453.52108594033
visibilidad,0.9501818181818181,7,40814,40815,30.0,0.1,0.15,200.0,0.9501818181818181,4,1024,6,0.005859375,0.015637999661,65481.52079538531,58144.18024166441,2551,1549,1420,5520,5.999998200501011e-07,150453.52108594033
visibilidad,0.9501818181818181,8,40816,40817,30.0,0.1,0.15,200.0,0.9501818181818181,4,1024,3,0.0029296875,0.015829999655,64687.30399981806,60652.913568527896,2748,1539,1450,5737,5.999998200501011e-07,150453.52108594033
visibilidad,0.9501818181818181,9,40818,40819,30.0,0.1,0.15,200.0,0.9501818181818181,4,1024,9,0.0087890625,0.015285999672,66989.40350467907,56476.57860919729,2656,1411,1414,5481,5.999998200501011e-07,150453.52108594033
visibilidad,0.9501818181818181,10,40820,40821,30.0,0.1,0.15,200.0,0.9501818181818181,4,1024,3,0.0029296875,0.015765999657,64949.893586059465,60899.12607845628,2643,1395,1407,5445,5.999998200501011e-07,150453.52108594033
visibilidad,0.9501818181818181,11,40822,40823,30.0,0.1,0.15,200.0,0.9501818181818181,4,1024,8,0.0078125,0.015445999666999999,66295.48245995052,56856.65448245438,2605,1416,1509,5530,5.999998200501011e-07,150453.52108594033
visibilidad,0.9501818181818181,12,40824,40825,30.0,0.1,0.15,200.0,0.9501818181818181,4,1024,3,0.0029296875,0.015765999657,64949.893586059465,60899.12607845628,2659,1429,1490,5578,5.999998200501011e-07,150453.52108594033
visibilidad,0.9501818181818181,13,40826,40827,30.0,0.1,0.15,200.0,0.9501818181818181,4,1024,6,0.005859375,0.015445999666999999,66295.48245995052,58866.93580933321,2637,1454,1391,5482,5.999998200501011e-07,150453.52108594033
visibilidad,0.9501818181818181,14,40828,40829,30.0,0.1,0.15,200.0,0.9501818181818181,4,1024,5,0.0048828125,0.01534999967,66710.0991540282,60295.36408838154,2641,1433,1413,5487,5.999998200501011e-07,150453.52108594033
visibilidad,0.9501818181818181,15,40830,40831,30.0,0.1,0.15,200.0,0.9501818181818181,4,1024,2,0.001953125,0.015477999666,66158.41982794368,63244.19620642069,2676,1430,1449,5555,5.999998200501011e-07,150453.52108594033
visibilidad,0.9501818181818181,16,40832,40833,30.0,0.1,0.15,200.0,0.9501818181818181,4,1024,5,0.0048828125,0.015861999653999998,64556.803829066586,58349.126153573576,2737,1458,1451,5646,5.999998200501011e-07,150453.52108594033
visibilidad,0.9501818181818181,17,40834,40835,30.0,0.1,0.15,200.0,0.9501818181818181,4,1024,14,0.013671875,0.015477999666,66158.41982794368,51260.30059061555,2571,1454,1365,5390,5.999998200501011e-07,150453.52108594033
visibilidad,0.9501818181818181,18,40836,40837,30.0,0.1,0.15,200.0,0.9501818181818181,4,1024,5,0.0048828125,0.015637999661,65481.52079538531,59184.92383443378,2689,1486,1517,5692,5.999998200501011e-07,150453.52108594033
visibilidad,0.9501818181818181,19,40838,40839,30.0,0.1,0.15,200.0,0.9501818181818181,4,1024,12,0.01171875,0.015317999671,66849.45958959866,53567.53887179783,2677,1419,1425,5521,5.999998200501011e-07,150453.52108594033
visibilidad,0.9501818181818181,20,40840,40841,30.0,0.1,0.15,200.0,0.9501818181818181,4,1024,6,0.005859375,0.015829999655,64687.30399981806,57438.957089368996,2723,1477,1458,5658,5.999998200501011e-07,150453.52108594033
visibilidad,0.9501818181818181,21,40842,40843,30.0,0.1,0.15,200.0,0.9501818181818181,4,1024,5,0.0048828125,0.015189999675,67412.77300257744,60930.46995797163,2568,1370,1455,5393,5.999998200501011e-07,150453.52108594033
visibilidad,0.9501818181818181,22,40844,40845,30.0,0.1,0.15,200.0,0.9501818181818181,4,1024,2,0.001953125,0.015829999655,64687.30399981806,61837.88181260184,2646,1372,1490,5508,5.999998200501011e-07,150453.52108594033
visibilidad,0.9501818181818181,23,40846,40847,30.0,0.1,0.15,200.0,0.9501818181818181,4,1024,5,0.0048828125,0.015253999673,67129.93457135759,60674.82881210538,2575,1417,1446,5438,5.999998200501011e-07,150453.52108594033
visibilidad,0.9501818181818181,24,40848,40849,30.0,0.1,0.15,200.0,0.9501818181818181,4,1024,5,0.0048828125,0.015381999669,66571.31855643651,60169.92840823252,2532,1455,1401,5388,5.999998200501011e-07,150453.52108594033
visibilidad,0.9501818181818181,25,40850,40851,30.0,0.1,0.15,200.0,0.9501818181818181,4,1024,2,0.001953125,0.016149999645,63405.57414916278,60612.61110073652,2657,1480,1539,5676,5.999998200501011e-07,150453.52108594033
visibilidad,0.9501818181818181,26,40852,40853,30.0,0.1,0.15,200.0,0.9501818181818181,4,1024,9,0.0087890625,0.016469999635,62173.650436756674,52416.574452211404,2726,1441,1460,5627,5.999998200501011e-07,150453.52108594033
visibilidad,0.9501818181818181,27,40854,40855,30.0,0.1,0.15,200.0,0.9501818181818181,4,1024,8,0.0078125,0.01566999966,65347.799758663175,56043.89822958837,2684,1552,1411,5647,5.999998200501011e-07,150453.52108594033
visibilidad,0.9501818181818181,28,40856,40857,30.0,0.1,0.15,200.0,0.9501818181818181,4,1024,4,0.00390625,0.014869999685,68863.48498264948,63378.58184611223,2664,1428,1408,5500,5.999998200501011e-07,150453.52108594033
visibilidad,0.9501818181818181,29,40858,40859,30.0,0.1,0.15,200.0,0.9501818181818181,4,1024,7,0.0068359375,0.016117999646,63531.456910915476,55435.438983168126,2626,1516,1457,5599,5.999998200501011e-07,150453.52108594033
visibilidad,0.9664545454545455,0,40900,40901,30.0,0.1,0.15,200.0,0.9664545454545455,4,1024,3,0.0029296875,0.015573999663,65750.6114137637,61649.90507516112,2593,1411,1449,5453,5.999998200501011e-07,150453.52108594033
visibilidad,0.9664545454545455,1,40902,40903,30.0,0.1,0.15,200.0,0.9664545454545455,4,1024,3,0.0029296875,0.015189999675,67412.77300257744,63208.401672631466,2633,1422,1380,5435,5.999998200501011e-07,150453.52108594033
visibilidad,0.9664545454545455,2,40904,40905,30.0,0.1,0.15,200.0,0.9664545454545455,4,1024,6,0.005859375,0.015893999653,64426.82914031142,57207.668979447095,2538,1450,1439,5427,5.999998200501011e-07,150453.52108594033
visibilidad,0.9664545454545455,3,40906,40907,30.0,0.1,0.15,200.0,0.9664545454545455,4,1024,2,0.001953125,0.015701999658999998,65214.62375736765,62341.97357139415,2720,1446,1436,5602,5.999998200501011e-07,150453.52108594033
visibilidad,0.9664545454545455,4,40908,40909,30.0,0.1,0.15,200.0,0.9664545454545455,4,1024,7,0.0068359375,0.01566999966,65347.799758663175,57020.31941885559,2665,1374,1466,5505,5.999998200501011e-07,150453.52108594033
visibilidad,0.9664545454545455,5,40910,40911,30.0,0.1,0.15,200.0,0.9664545454545455,4,1024,2,0.001953125,0.015317999671,66849.45958959866,63904.79623867971,2557,1411,1425,5393,5.999998200501011e-07,150453.52108594033
visibilidad,0.9664545454545455,6,40912,40913,30.0,0.1,0.15,200.0,0.9664545454545455,4,1024,3,0.0029296875,0.01566999966,65347.799758663175,61272.21580708965,2590,1445,1508,5543,5.999998200501011e-07,150453.52108594033
visibilidad,0.9664545454545455,7,40914,40915,30.0,0.1,0.15,200.0,0.9664545454545455,4,1024,5,0.0048828125,0.01630999964,62783.56974874832,56746.40338981555,2662,1426,1440,5528,5.999998200501011e-07,150453.52108594033
visibilidad,0.9664545454545455,8,40916,40917,30.0,0.1,0.15,200.0,0.9664545454545455,4,1024,3,0.0029296875,0.015477999666,66158.41982794368,62032.279466554,2717,1354,1398,5469,5.999998200501011e-07,150453.52108594033
visibilidad,0.9664545454545455,9,40918,40919,30.0,0.1,0.15,200.0,0.9664545454545455,4,1024,4,0.00390625,0.015701999658999998,65214.62375736765,60020.34852594413,2567,1401,1523,5491,5.999998200501011e-07,150453.52108594033
visibilidad,0.9664545454545455,10,40920,40921,30.0,0.1,0.15,200.0,0.9664545454545455,4,1024,4,0.00390625,0.015573999663,65750.6114137637,60513.64533713459,2567,1487,1467,5521,5.999998200501011e-07,150453.52108594033
visibilidad,0.9664545454545455,11,40922,40923,30.0,0.1,0.15,200.0,0.9664545454545455,4,1024,5,0.0048828125,0.015509999665,66021.92276707571,59673.36162796664,2658,1481,1455,5594,5.999998200501011e-07,150453.52108594033
visibilidad,0.9664545454545455,12,40924,40925,30.0,0.1,0.15,200.0,0.9664545454545455,4,1024,7,0.0068359375,0.015381999669,66571.31855643651,58087.92128030558,2655,1363,1447,5465,5.999998200501011e-07,150453.52108594033
visibilidad,0.9664545454545455,13,40926,40927,30.0,0.1,0.15,200.0,0.9664545454545455,4,1024,2,0.001953125,0.015925999652,64297.37676601075,61465.130550626855,2712,1425,1482,5619,5.999998200501011e-07,150453.52108594033
visibilidad,0.9664545454545455,14,40928,40929,30.0,0.1,0.15,200.0,0.9664545454545455,4,1024,5,0.0048828125,0.015957999651,64168.44356402975,57998.109982486945,2689,1426,1480,5595,5.999998200501011e-07,150453.52108594033
visibilidad,0.9664545454545455,15,40930,40931,30.0,0.1,0.15,200.0,0.9664545454545455,4,1024,6,0.005859375,0.015701999658999998,65214.62375736765,57907.189571686584,2689,1432,1478,5599,5.999998200501011e-07,150453.52108594033
visibilidad,0.9664545454545455,16,40932,40933,30.0,0.1,0.15,200.0,0.9664545454545455,4,1024,5,0.0048828125,0.015285999672,66989.40350467907,60547.81098514119,2674,1469,1416,5559,5.999998200501011e-07,150453.52108594033
visibilidad,0.9664545454545455,17,40934,40935,30.0,0.1,0.15,200.0,0.9664545454545455,4,1024,3,0.0029296875,0.015637999661,65481.52079538531,61397.59698671996,2628,1445,1426,5499,5.999998200501011e-07,150453.52108594033
visibilidad,0.9664545454545455,18,40936,40937,30.0,0.1,0.15,200.0,0.9664545454545455,4,1024,3,0.0029296875,0.015381999669,66571.31855643651,62419.42670168844,2591,1381,1435,5407,5.999998200501011e-07,150453.52108594033
visibilidad,0.9664545454545455,19,40938,40939,30.0,0.1,0.15,200.0,0.9664545454545455,4,1024,2,0.001953125,0.015541999664,65885.98778392047,62983.76456839292,2636,1464,1457,5557,5.999998200501011e-07,150453.52108594033
visibilidad,0.9664545454545455,20,40940,40941,30.0,0.1,0.15,200.0,0.9664545454545455,4,1024,6,0.005859375,0.015733999658,65081.98946599977,57789.41722843853,2530,1455,1527,5512,5.999998200501011e-07,150453.52108594033
visibilidad,0.9664545454545455,21,40942,40943,30.0,0.1,0.15,200.0,0.9664545454545455,4,1024,6,0.005859375,0.015093999678,67841.52788160673,60239.74362696889,2532,1410,1386,5328,5.999998200501011e-07,150453.52108594033
visibilidad,0.9664545454545455,22,40944,40945,30.0,0.1,0.15,200.0,0.9664545454545455,4,1024,6,0.005859375,0.015445999666999999,66295.48245995052,58866.93580933321,2594,1438,1434,5466,5.999998200501011e-07,150453.52108594033
visibilidad,0.9664545454545455,23,40946,40947,30.0,0.1,0.15,200.0,0.9664545454545455,4,1024,2,0.001953125,0.016085999647,63657.84051170072,60853.76533885348,2601,1536,1472,5609,5.999998200501011e-07,150453.52108594033
visibilidad,0.9664545454545455,24,40948,40949,30.0,0.1,0.15,200.0,0.9664545454545455,4,1024,2,0.001953125,0.014837999686,69011.99768633019,65972.076322594,2587,1374,1384,5345,5.999998200501011e-07,150453.52108594033
visibilidad,0.9664545454545455,25,40950,40951,30.0,0.1,0.15,200.0,0.9664545454545455,4,1024,6,0.005859375,0.015061999679,67985.66072390102,60367.72608460438,2578,1375,1365,5318,5.999998200501011e-07,150453.52108594033
visibilidad,0.9664545454545455,26,40952,40953,30.0,0.1,0.15,200.0,0.9664545454545455,4,1024,4,0.00390625,0.014965999682,68421.75743405845,62972.03742566775,2592,1412,1520,5524,5.999998200501011e-07,150453.52108594033
visibilidad,0.9664545454545455,27,40954,40955,30.0,0.1,0.15,200.0,0.9664545454545455,4,1024,4,0.00390625,0.015797999656,64818.33284577203,59655.621762816154,2673,1460,1503,5636,5.999998200501011e-07,150453.52108594033
visibilidad,0.9664545454545455,28,40956,40957,30.0,0.1,0.15,200.0,0.9664545454545455,4,1024,6,0.005859375,0.016117999646,63531.456910915476,56412.62507000498,2698,1498,1441,5637,5.999998200501011e-07,150453.52108594033
visibilidad,0.9664545454545455,29,40958,40959,30.0,0.1,0.15,200.0,0.9664545454545455,4,1024,2,0.001953125,0.015733999658,65081.98946599977,62215.18171075442,2712,1437,1434,5583,5.999998200501011e-07,150453.52108594033
visibilidad,0.9827272727272727,0,41000,41001,30.0,0.1,0.15,200.0,0.9827272727272727,4,1024,0,0.0,0.016053999648,63784.727946444764,63784.7279464377,2681,1518,1417,5616,5.999998200501011e-07,150453.52108594033
visibilidad,0.9827272727272727,1,41002,41003,30.0,0.1,0.15,200.0,0.9827272727272727,4,1024,3,0.0029296875,0.016085999647,63657.84051170072,59687.6552240634,2681,1527,1519,5727,5.999998200501011e-07,150453.52108594033
visibilidad,0.9827272727272727,2,41004,41005,30.0,0.1,0.15,200.0,0.9827272727272727,4,1024,1,0.0009765625,0.015381999669,66571.31855643651,64964.58992997901,2675,1355,1459,5489,5.999998200501011e-07,150453.52108594033
visibilidad,0.9827272727272727,3,41006,41007,30.0,0.1,0.15,200.0,0.9827272727272727,4,1024,2,0.001953125,0.01598999965,64040.02641738645,61219.116271801664,2695,1479,1451,5625,5.999998200501011e-07,150453.52108594033
visibilidad,0.9827272727272727,4,41008,41009,30.0,0.1,0.15,200.0,0.9827272727272727,4,1024,1,0.0009765625,0.015573999663,65750.6114137637,64163.690922230744,2562,1454,1502,5518,5.999998200501011e-07,150453.52108594033
visibilidad,0.9827272727272727,5,41010,41011,30.0,0.1,0.15,200.0,0.9827272727272727,4,1024,3,0.0029296875,0.015509999665,66021.92276707571,61904.2953966783,2679,1438,1403,5520,5.999998200501011e-07,150453.52108594033
visibilidad,0.9827272727272727,6,41012,41013,30.0,0.1,0.15,200.0,0.9827272727272727,4,1024,5,0.0048828125,0.015925999652,64297.37676601075,58114.645176634614,2698,1548,1441,5687,5.999998200501011e-07,150453.52108594033
visibilidad,0.9827272727272727,7,41014,41015,30.0,0.1,0.15,200.0,0.9827272727272727,4,1024,2,0.001953125,0.015957999651,64168.44356402975,61341.87674945061,2558,1457,1449,5464,5.999998200501011e-07,150453.52108594033
visibilidad,0.9827272727272727,8,41016,41017,30.0,0.1,0.15,200.0,0.9827272727272727,4,1024,1,0.0009765625,0.01566999966,65347.799758663175,63770.601307062054,2712,1462,1520,5694,5.999998200501011e-07,150453.52108594033
visibilidad,0.9827272727272727,9,41018,41019,30.0,0.1,0.15,200.0,0.9827272727272727,4,1024,1,0.0009765625,0.015829999655,64687.30399981806,63126.04690954795,2699,1440,1511,5650,5.999998200501011e-07,150453.52108594033
visibilidad,0.9827272727272727,10,41020,41021,30.0,0.1,0.15,200.0,0.9827272727272727,4,1024,2,0.001953125,0.01566999966,65347.799758663175,62469.28328008769,2644,1471,1394,5509,5.999998200501011e-07,150453.52108594033
visibilidad,0.9827272727272727,11,41022,41023,30.0,0.1,0.15,200.0,0.9827272727272727,4,1024,4,0.00390625,0.015637999661,65481.52079538531,60265.98749952714,2632,1471,1406,5509,5.999998200501011e-07,150453.52108594033
visibilidad,0.9827272727272727,12,41024,41025,30.0,0.1,0.15,200.0,0.9827272727272727,4,1024,0,0.0,0.015797999656,64818.33284577203,64818.332845764846,2673,1472,1447,5592,5.999998200501011e-07,150453.52108594033
visibilidad,0.9827272727272727,13,41026,41027,30.0,0.1,0.15,200.0,0.9827272727272727,4,1024,2,0.001953125,0.015637999661,65481.52079538531,62597.114015848536,2605,1431,1461,5497,5.999998200501011e-07,150453.52108594033
visibilidad,0.9827272727272727,14,41028,41029,30.0,0.1,0.15,200.0,0.9827272727272727,4,1024,3,0.0029296875,0.016181999643999998,63280.18925520625,59333.5571614935,2678,1466,1463,5607,5.999998200501011e-07,150453.52108594033
visibilidad,0.9827272727272727,15,41030,41031,30.0,0.1,0.15,200.0,0.9827272727272727,4,1024,0,0.0,0.01598999965,64040.02641738645,64040.026417379355,2769,1463,1449,5681,5.999998200501011e-07,150453.52108594033
visibilidad,0.9827272727272727,16,41032,41033,30.0,0.1,0.15,200.0,0.9827272727272727,4,1024,3,0.0029296875,0.015829999655,64687.30399981806,60652.913568527896,2700,1502,1509,5711,5.999998200501011e-07,150453.52108594033
visibilidad,0.9827272727272727,17,41034,41035,30.0,0.1,0.15,200.0,0.9827272727272727,4,1024,3,0.0029296875,0.016149999645,63405.57414916278,59451.12210338636,2651,1513,1372,5536,5.999998200501011e-07,150453.52108594033
visibilidad,0.9827272727272727,18,41036,41037,30.0,0.1,0.15,200.0,0.9827272727272727,4,1024,2,0.001953125,0.015541999664,65885.98778392047,62983.76456839292,2742,1437,1420,5599,5.999998200501011e-07,150453.52108594033
visibilidad,0.9827272727272727,19,41038,41039,30.0,0.1,0.15,200.0,0.9827272727272727,4,1024,1,0.0009765625,0.015701999658999998,65214.62375736765,63640.63956827895,2737,1450,1479,5666,5.999998200501011e-07,150453.52108594033
visibilidad,0.9827272727272727,20,41040,41041,30.0,0.1,0.15,200.0,0.9827272727272727,4,1024,1,0.0009765625,0.01534999967,66710.0991540282,65100.02099561335,2579,1377,1462,5418,5.999998200501011e-07,150453.52108594033
visibilidad,0.9827272727272727,21,41042,41043,30.0,0.1,0.15,200.0,0.9827272727272727,4,1024,6,0.005859375,0.015061999679,67985.66072390102,60367.72608460438,2584,1415,1414,5413,5.999998200501011e-07,150453.52108594033
visibilidad,0.9827272727272727,22,41044,41045,30.0,0.1,0.15,200.0,0.9827272727272727,4,1024,2,0.001953125,0.014965999682,68421.75743405845,65407.8356647808,2565,1377,1441,5383,5.999998200501011e-07,150453.52108594033
visibilidad,0.9827272727272727,23,41046,41047,30.0,0.1,0.15,200.0,0.9827272727272727,4,1024,3,0.0029296875,0.016053999648,63784.727946444764,59806.62899691509,2650,1475,1457,5582,5.999998200501011e-07,150453.52108594033
visibilidad,0.9827272727272727,24,41048,41049,30.0,0.1,0.15,200.0,0.9827272727272727,4,1024,1,0.0009765625,0.015573999663,65750.6114137637,64163.690922230744,2653,1467,1404,5524,5.999998200501011e-07,150453.52108594033
visibilidad,0.9827272727272727,25,41050,41051,30.0,0.1,0.15,200.0,0.9827272727272727,4,1024,1,0.0009765625,0.016085999647,63657.84051170072,62121.4299843667,2645,1448,1510,5603,5.999998200501011e-07,150453.52108594033
visibilidad,0.9827272727272727,26,41052,41053,30.0,0.1,0.15,200.0,0.9827272727272727,4,1024,0,0.0,0.015381999669,66571.31855643651,66571.31855642913,2613,1438,1413,5464,5.999998200501011e-07,150453.52108594033
visibilidad,0.9827272727272727,27,41054,41055,30.0,0.1,0.15,200.0,0.9827272727272727,4,1024,2,0.001953125,0.015925999652,64297.37676601075,61465.130550626855,2714,1436,1455,5605,5.999998200501011e-07,150453.52108594033
visibilidad,0.9827272727272727,28,41056,41057,30.0,0.1,0.15,200.0,0.9827272727272727,4,1024,2,0.001953125,0.015317999671,66849.45958959866,63904.79623867971,2624,1431,1442,5497,5.999998200501011e-07,150453.52108594033
visibilidad,0.9827272727272727,29,41058,41059,30.0,0.1,0.15,200.0,0.9827272727272727,4,1024,0,0.0,0.015573999663,65750.6114137637,65750.61141375641,2632,1442,1455,5529,5.999998200501011e-07,150453.52108594033
visibilidad,0.999,0,41100,41101,30.0,0.1,0.15,200.0,0.999,4,1024,0,0.0,0.015381999669,66571.31855643651,66571.31855642913,2707,1486,1361,5554,5.999998200501011e-07,150453.52108594033
visibilidad,0.999,1,41102,41103,30.0,0.1,0.15,200.0,0.999,4,1024,0,0.0,0.015957999651,64168.44356402975,64168.443564022644,2702,1446,1433,5581,5.999998200501011e-07,150453.52108594033
visibilidad,0.999,2,41104,41105,30.0,0.1,0.15,200.0,0.999,4,1024,0,0.0,0.014933999683,68568.3689390768,68568.3689390692,2540,1425,1402,5367,5.999998200501011e-07,150453.52108594033
visibilidad,0.999,3,41106,41107,30.0,0.1,0.15,200.0,0.999,4,1024,0,0.0,0.015189999675,67412.77300257744,67412.77300256997,2549,1428,1394,5371,5.999998200501011e-07,150453.52108594033
visibilidad,0.999,4,41108,41109,30.0,0.1,0.15,200.0,0.999,4,1024,3,0.0029296875,0.015605999661999999,65615.79022030867,61523.492352907975,2559,1404,1469,5432,5.999998200501011e-07,150453.52108594033
visibilidad,0.999,5,41110,41111,30.0,0.1,0.15,200.0,0.999,4,1024,0,0.0,0.015957999651,64168.44356402975,64168.443564022644,2674,1456,1396,5526,5.999998200501011e-07,150453.52108594033
visibilidad,0.999,6,41112,41113,30.0,0.1,0.15,200.0,0.999,4,1024,0,0.0,0.015637999661,65481.52079538531,65481.520795378055,2679,1424,1455,5558,5.999998200501011e-07,150453.52108594033
visibilidad,0.999,7,41114,41115,30.0,0.1,0.15,200.0,0.999,4,1024,0,0.0,0.015765999657,64949.893586059465,64949.89358605227,2637,1437,1434,5508,5.999998200501011e-07,150453.52108594033
visibilidad,0.999,8,41116,41117,30.0,0.1,0.15,200.0,0.999,4,1024,0,0.0,0.015605999661999999,65615.79022030867,65615.7902203014,2677,1402,1437,5516,5.999998200501011e-07,150453.52108594033
visibilidad,0.999,9,41118,41119,30.0,0.1,0.15,200.0,0.999,4,1024,0,0.0,0.015861999653999998,64556.803829066586,64556.803829059434,2652,1475,1515,5642,5.999998200501011e-07,150453.52108594033
visibilidad,0.999,10,41120,41121,30.0,0.1,0.15,200.0,0.999,4,1024,0,0.0,0.016021999648999998,63912.12223400044,63912.12223399336,2664,1455,1486,5605,5.999998200501011e-07,150453.52108594033
visibilidad,0.999,11,41122,41123,30.0,0.1,0.15,200.0,0.999,4,1024,0,0.0,0.015765999657,64949.893586059465,64949.89358605227,2695,1448,1428,5571,5.999998200501011e-07,150453.52108594033
visibilidad,0.999,12,41124,41125,30.0,0.1,0.15,200.0,0.999,4,1024,0,0.0,0.015445999666999999,66295.48245995052,66295.48245994317,2589,1372,1411,5372,5.999998200501011e-07,150453.52108594033
visibilidad,0.999,13,41126,41127,30.0,0.1,0.15,200.0,0.999,4,1024,0,0.0,0.01566999966,65347.799758663175,65347.799758655936,2634,1446,1433,5513,5.999998200501011e-07,150453.52108594033
visibilidad,0.999,14,41128,41129,30.0,0.1,0.15,200.0,0.999,4,1024,0,0.0,0.015861999653999998,64556.803829066586,64556.803829059434,2647,1392,1453,5492,5.999998200501011e-07,150453.52108594033
visibilidad,0.999,15,41130,41131,30.0,0.1,0.15,200.0,0.999,4,1024,1,0.0009765625,0.016181999643999998,63280.18925520625,61752.89351030083,2729,1506,1488,5723,5.999998200501011e-07,150453.52108594033
visibilidad,0.999,16,41132,41133,30.0,0.1,0.15,200.0,0.999,4,1024,0,0.0,0.015541999664,65885.98778392047,65885.98778391317,2660,1439,1404,5503,5.999998200501011e-07,150453.52108594033
visibilidad,0.999,17,41134,41135,30.0,0.1,0.15,200.0,0.999,4,1024,0,0.0,0.015125999677,67698.00488340973,67698.00488340223,2616,1448,1429,5493,5.999998200501011e-07,150453.52108594033
visibilidad,0.999,18,41136,41137,30.0,0.1,0.15,200.0,0.999,4,1024,0,0.0,0.015317999671,66849.45958959866,66849.45958959125,2721,1529,1427,5677,5.999998200501011e-07,150453.52108594033
visibilidad,0.999,19,41138,41139,30.0,0.1,0.15,200.0,0.999,4,1024,0,0.0,0.015957999651,64168.44356402975,64168.443564022644,2624,1456,1533,5613,5.999998200501011e-07,150453.52108594033
visibilidad,0.999,20,41140,41141,30.0,0.1,0.15,200.0,0.999,4,1024,0,0.0,0.015605999661999999,65615.79022030867,65615.7902203014,2694,1498,1446,5638,5.999998200501011e-07,150453.52108594033
visibilidad,0.999,21,41142,41143,30.0,0.1,0.15,200.0,0.999,4,1024,0,0.0,0.015189999675,67412.77300257744,67412.77300256997,2646,1359,1439,5444,5.999998200501011e-07,150453.52108594033
visibilidad,0.999,22,41144,41145,30.0,0.1,0.15,200.0,0.999,4,1024,1,0.0009765625,0.015797999656,64818.33284577203,63253.913315546524,2760,1498,1509,5767,5.999998200501011e-07,150453.52108594033
visibilidad,0.999,23,41146,41147,30.0,0.1,0.15,200.0,0.999,4,1024,0,0.0,0.016181999643999998,63280.18925520625,63280.189255199235,2700,1502,1366,5568,5.999998200501011e-07,150453.52108594033
visibilidad,0.999,24,41148,41149,30.0,0.1,0.15,200.0,0.999,4,1024,0,0.0,0.015285999672,66989.40350467907,66989.40350467165,2559,1376,1426,5361,5.999998200501011e-07,150453.52108594033
visibilidad,0.999,25,41150,41151,30.0,0.1,0.15,200.0,0.999,4,1024,3,0.0029296875,0.015157999676,67555.08786699093,63341.840703740454,2647,1377,1454,5478,5.999998200501011e-07,150453.52108594033
visibilidad,0.999,26,41152,41153,30.0,0.1,0.15,200.0,0.999,4,1024,0,0.0,0.016053999648,63784.727946444764,63784.7279464377,2717,1480,1450,5647,5.999998200501011e-07,150453.52108594033
visibilidad,0.999,27,41154,41155,30.0,0.1,0.15,200.0,0.999,4,1024,0,0.0,0.015253999673,67129.93457135759,67129.93457135015,2601,1432,1368,5401,5.999998200501011e-07,150453.52108594033
visibilidad,0.999,28,41156,41157,30.0,0.1,0.15,200.0,0.999,4,1024,0,0.0,0.016053999648,63784.727946444764,63784.7279464377,2656,1485,1451,5592,5.999998200501011e-07,150453.52108594033
visibilidad,0.999,29,41158,41159,30.0,0.1,0.15,200.0,0.999,4,1024,0,0.0,0.01566999966,65347.799758663175,65347.799758655936,2667,1492,1518,5677,5.999998200501011e-07,150453.52108594033
