experimento,distancia_km,repeticion,mu,nu,y0,semilla_alice_mu,semilla_bob_mu,semilla_alice_nu,semilla_bob_nu,bits_tamizados_mu,errores_mu,qber_mu,claves_completadas_mu,tiempo_hasta_ultima_clave_s_mu,clics_detector_0_mu,clics_detector_1_mu,clics_detector_2_mu,bits_tamizados_nu,errores_nu,qber_nu,claves_completadas_nu,tiempo_hasta_ultima_clave_s_nu,clics_detector_0_nu,clics_detector_1_nu,clics_detector_2_nu,clics_mu,clics_nu
estados_senuelo,5.0,0,0.1,0.05,2.3999997122992056e-07,50000,50001,60000,60001,256,1,0.00390625,1,0.005252999966,1659,925,905,256,3,0.01171875,1,0.00608499997,1101,626,613,3489,2340
estados_senuelo,5.0,1,0.1,0.05,2.3999997122992056e-07,50002,50003,60002,60003,256,1,0.00390625,1,0.004996999974,1648,889,874,256,2,0.0078125,1,0.00608499997,1093,636,676,3411,2405
estados_senuelo,5.0,2,0.1,0.05,2.3999997122992056e-07,50004,50005,60004,60005,256,1,0.00390625,1,0.005156999969,1730,922,940,256,2,0.0078125,1,0.0058929999729999995,1074,612,589,3592,2275
estados_senuelo,5.0,3,0.1,0.05,2.3999997122992056e-07,50006,50007,60006,60007,256,0,0.0,1,0.005092999971,1719,910,897,256,2,0.0078125,1,0.006020999971,1106,592,597,3526,2295
estados_senuelo,5.0,4,0.1,0.05,2.3999997122992056e-07,50008,50009,60008,60009,256,0,0.0,1,0.004964999975,1640,891,888,256,2,0.0078125,1,0.005956999972,1150,624,594,3419,2368
estados_senuelo,5.0,5,0.1,0.05,2.3999997122992056e-07,50010,50011,60010,60011,256,3,0.01171875,1,0.0051249999699999995,1688,916,873,256,2,0.0078125,1,0.006276999967,1022,618,621,3477,2261
estados_senuelo,5.0,6,0.1,0.05,2.3999997122992056e-07,50012,50013,60012,60013,256,2,0.0078125,1,0.005156999969,1714,924,941,256,1,0.00390625,1,0.00608499997,1067,603,627,3579,2297
estados_senuelo,5.0,7,0.1,0.05,2.3999997122992056e-07,50014,50015,60014,60015,256,1,0.00390625,1,0.005060999972,1667,911,946,256,2,0.0078125,1,0.006020999971,1135,647,587,3524,2369
estados_senuelo,5.0,8,0.1,0.05,2.3999997122992056e-07,50016,50017,60016,60017,256,0,0.0,1,0.005092999971,1614,925,946,256,2,0.0078125,1,0.006020999971,1140,583,628,3485,2351
estados_senuelo,5.0,9,0.1,0.05,2.3999997122992056e-07,50018,50019,60018,60019,256,3,0.01171875,1,0.004964999975,1629,847,880,256,3,0.01171875,1,0.0058929999729999995,1045,583,601,3356,2229
estados_senuelo,5.0,10,0.1,0.05,2.3999997122992056e-07,50020,50021,60020,60021,256,0,0.0,1,0.005060999972,1755,942,873,256,0,0.0,1,0.006020999971,1081,616,627,3570,2324
estados_senuelo,5.0,11,0.1,0.05,2.3999997122992056e-07,50022,50023,60022,60023,256,1,0.00390625,1,0.0051249999699999995,1804,990,944,256,0,0.0,1,0.006148999969,1122,663,606,3738,2391
estados_senuelo,5.0,12,0.1,0.05,2.3999997122992056e-07,50024,50025,60024,60025,256,2,0.0078125,1,0.005156999969,1743,896,956,256,1,0.00390625,1,0.006020999971,1092,664,631,3595,2387
estados_senuelo,5.0,13,0.1,0.05,2.3999997122992056e-07,50026,50027,60026,60027,256,0,0.0,1,0.005028999973,1674,866,858,256,3,0.01171875,1,0.005956999972,1116,611,620,3398,2347
estados_senuelo,5.0,14,0.1,0.05,2.3999997122992056e-07,50028,50029,60028,60029,256,2,0.0078125,1,0.0051249999699999995,1732,938,910,256,2,0.0078125,1,0.0058929999729999995,1076,611,634,3580,2321
estados_senuelo,5.0,15,0.1,0.05,2.3999997122992056e-07,50030,50031,60030,60031,256,2,0.0078125,1,0.005092999971,1709,929,899,256,2,0.0078125,1,0.0058929999729999995,1045,622,581,3537,2248
estados_senuelo,5.0,16,0.1,0.05,2.3999997122992056e-07,50032,50033,60032,60033,256,0,0.0,1,0.005028999973,1669,972,874,256,0,0.0,1,0.0058929999729999995,1090,609,605,3515,2304
estados_senuelo,5.0,17,0.1,0.05,2.3999997122992056e-07,50034,50035,60034,60035,256,4,0.015625,1,0.005092999971,1696,938,888,256,4,0.015625,1,0.00608499997,1070,621,652,3522,2343
estados_senuelo,5.0,18,0.1,0.05,2.3999997122992056e-07,50036,50037,60036,60037,256,1,0.00390625,1,0.005156999969,1698,942,941,256,0,0.0,1,0.005956999972,1057,645,597,3581,2299
estados_senuelo,5.0,19,0.1,0.05,2.3999997122992056e-07,50038,50039,60038,60039,256,1,0.00390625,1,0.005156999969,1661,930,948,256,1,0.00390625,1,0.00608499997,1120,654,641,3539,2415
estados_senuelo,5.0,20,0.1,0.05,2.3999997122992056e-07,50040,50041,60040,60041,256,3,0.01171875,1,0.005028999973,1698,933,867,256,0,0.0,1,0.005956999972,1103,581,587,3498,2271
estados_senuelo,5.0,21,0.1,0.05,2.3999997122992056e-07,50042,50043,60042,60043,256,1,0.00390625,1,0.0051249999699999995,1674,902,943,256,0,0.0,1,0.005828999974,1138,595,573,3519,2306
estados_senuelo,5.0,22,0.1,0.05,2.3999997122992056e-07,50044,50045,60044,60045,256,1,0.00390625,1,0.005028999973,1706,876,886,256,0,0.0,1,0.006020999971,1113,603,630,3468,2346
estados_senuelo,5.0,23,0.1,0.05,2.3999997122992056e-07,50046,50047,60046,60047,256,2,0.0078125,1,0.005028999973,1683,966,909,256,3,0.01171875,1,0.005956999972,1100,615,590,3558,2305
estados_senuelo,5.0,24,0.1,0.05,2.3999997122992056e-07,50048,50049,60048,60049,256,0,0.0,1,0.005092999971,1713,926,879,256,0,0.0,1,0.006020999971,1079,623,618,3518,2320
estados_senuelo,5.0,25,0.1,0.05,2.3999997122992056e-07,50050,50051,60050,60051,256,0,0.0,1,0.0051249999699999995,1655,931,875,256,1,0.00390625,1,0.0058929999729999995,1069,645,594,3461,2308
estados_senuelo,5.0,26,0.1,0.05,2.3999997122992056e-07,50052,50053,60052,60053,256,1,0.00390625,1,0.004996999974,1631,934,910,256,0,0.0,1,0.005956999972,1075,600,578,3475,2253
estados_senuelo,5.0,27,0.1,0.05,2.3999997122992056e-07,50054,50055,60054,60055,256,1,0.00390625,1,0.005028999973,1704,845,970,256,3,0.01171875,1,0.0058929999729999995,1060,634,591,3519,2285
estados_senuelo,5.0,28,0.1,0.05,2.3999997122992056e-07,50056,50057,60056,60057,256,1,0.00390625,1,0.0051249999699999995,1666,869,950,256,2,0.0078125,1,0.005828999974,1076,675,595,3485,2346
estados_senuelo,5.0,29,0.1,0.05,2.3999997122992056e-07,50058,50059,60058,60059,256,2,0.0078125,1,0.005156999969,1716,969,937,256,3,0.01171875,1,0.006020999971,1151,595,654,3622,2400
estados_senuelo,14.444444444444445,0,0.1,0.05,2.3999997122992056e-07,50200,50201,60200,60201,256,3,0.01171875,1,0.005777111067,1349,708,708,256,1,0.00390625,1,0.00696111107,856,527,525,2765,1908
estados_senuelo,14.444444444444445,1,0.1,0.05,2.3999997122992056e-07,50202,50203,60202,60203,256,2,0.0078125,1,0.0057451110679999995,1203,714,727,256,1,0.00390625,1,0.007409111063,911,539,551,2644,2001
estados_senuelo,14.444444444444445,2,0.1,0.05,2.3999997122992056e-07,50204,50205,60204,60205,256,0,0.0,1,0.005713111069,1263,736,693,256,0,0.0,1,0.007537111061,922,544,509,2692,1975
estados_senuelo,14.444444444444445,3,0.1,0.05,2.3999997122992056e-07,50206,50207,60206,60207,256,1,0.00390625,1,0.005937111062,1270,714,723,256,0,0.0,1,0.00696111107,917,501,488,2707,1906
estados_senuelo,14.444444444444445,4,0.1,0.05,2.3999997122992056e-07,50208,50209,60208,60209,256,0,0.0,1,0.0057451110679999995,1241,716,744,256,2,0.0078125,1,0.00696111107,862,519,525,2701,1906
estados_senuelo,14.444444444444445,5,0.1,0.05,2.3999997122992056e-07,50210,50211,60210,60211,256,1,0.00390625,1,0.00568111107,1234,700,752,256,1,0.00390625,1,0.007409111063,946,536,512,2686,1994
estados_senuelo,14.444444444444445,6,0.1,0.05,2.3999997122992056e-07,50212,50213,60212,60213,256,5,0.01953125,1,0.005777111067,1306,747,715,256,2,0.0078125,1,0.007089111068,843,555,536,2768,1934
estados_senuelo,14.444444444444445,7,0.1,0.05,2.3999997122992056e-07,50214,50215,60214,60215,256,0,0.0,1,0.005937111062,1292,725,725,256,0,0.0,1,0.0071531110669999995,903,500,518,2742,1921
estados_senuelo,14.444444444444445,8,0.1,0.05,2.3999997122992056e-07,50216,50217,60216,60217,256,1,0.00390625,1,0.005777111067,1342,737,751,256,0,0.0,1,0.007217111066,864,499,533,2830,1896
estados_senuelo,14.444444444444445,9,0.1,0.05,2.3999997122992056e-07,50218,50219,60218,60219,256,1,0.00390625,1,0.0057451110679999995,1326,745,691,256,1,0.00390625,1,0.007025111069,930,478,528,2762,1936
estados_senuelo,14.444444444444445,10,0.1,0.05,2.3999997122992056e-07,50220,50221,60220,60221,256,1,0.00390625,1,0.0057451110679999995,1335,647,661,256,0,0.0,1,0.0071531110669999995,915,517,500,2643,1932
estados_senuelo,14.444444444444445,11,0.1,0.05,2.3999997122992056e-07,50222,50223,60222,60223,256,0,0.0,1,0.005713111069,1288,698,721,256,2,0.0078125,1,0.007409111063,922,551,519,2707,1992
estados_senuelo,14.444444444444445,12,0.1,0.05,2.3999997122992056e-07,50224,50225,60224,60225,256,0,0.0,1,0.0059051110629999995,1296,717,748,256,0,0.0,1,0.0071531110669999995,921,502,512,2761,1935
estados_senuelo,14.444444444444445,13,0.1,0.05,2.3999997122992056e-07,50226,50227,60226,60227,256,1,0.00390625,1,0.005873111064,1326,713,715,256,1,0.00390625,1,0.007345111064,904,533,509,2754,1946
estados_senuelo,14.444444444444445,14,0.1,0.05,2.3999997122992056e-07,50228,50229,60228,60229,256,1,0.00390625,1,0.0055851110729999995,1281,664,669,256,1,0.00390625,1,0.007217111066,876,515,498,2614,1889
estados_senuelo,14.444444444444445,15,0.1,0.05,2.3999997122992056e-07,50230,50231,60230,60231,256,2,0.0078125,1,0.0059051110629999995,1253,708,680,256,0,0.0,1,0.006897111071,852,502,502,2641,1856
estados_senuelo,14.444444444444445,16,0.1,0.05,2.3999997122992056e-07,50232,50233,60232,60233,256,0,0.0,1,0.005873111064,1306,722,704,256,1,0.00390625,1,0.007217111066,880,480,554,2732,1914
estados_senuelo,14.444444444444445,17,0.1,0.05,2.3999997122992056e-07,50234,50235,60234,60235,256,1,0.00390625,1,0.005649111071,1265,686,696,256,2,0.0078125,1,0.007537111061,897,550,510,2647,1957
estados_senuelo,14.444444444444445,18,0.1,0.05,2.3999997122992056e-07,50236,50237,60236,60237,256,0,0.0,1,0.005777111067,1324,691,704,256,1,0.00390625,1,0.007089111068,911,507,509,2719,1927
estados_senuelo,14.444444444444445,19,0.1,0.05,2.3999997122992056e-07,50238,50239,60238,60239,256,2,0.0078125,1,0.005841111065,1293,670,727,256,0,0.0,1,0.007729111058,944,536,558,2690,2038
estados_senuelo,14.444444444444445,20,0.1,0.05,2.3999997122992056e-07,50240,50241,60240,60241,256,0,0.0,1,0.006033111059,1300,729,770,256,3,0.01171875,1,0.007089111068,900,512,498,2799,1910
estados_senuelo,14.444444444444445,21,0.1,0.05,2.3999997122992056e-07,50242,50243,60242,60243,256,0,0.0,1,0.005713111069,1309,728,713,256,0,0.0,1,0.007089111068,920,555,490,2750,1965
estados_senuelo,14.444444444444445,22,0.1,0.05,2.3999997122992056e-07,50244,50245,60244,60245,256,1,0.00390625,1,0.005649111071,1221,679,718,256,1,0.00390625,1,0.007089111068,866,514,488,2618,1868
estados_senuelo,14.444444444444445,23,0.1,0.05,2.3999997122992056e-07,50246,50247,60246,60247,256,0,0.0,1,0.006033111059,1303,707,790,256,0,0.0,1,0.007217111066,912,513,538,2800,1963
estados_senuelo,14.444444444444445,24,0.1,0.05,2.3999997122992056e-07,50248,50249,60248,60249,256,1,0.00390625,1,0.0057451110679999995,1257,706,712,256,6,0.0234375,1,0.007217111066,867,514,516,2675,1897
estados_senuelo,14.444444444444445,25,0.1,0.05,2.3999997122992056e-07,50250,50251,60250,60251,256,1,0.00390625,1,0.005873111064,1261,743,691,256,0,0.0,1,0.0071531110669999995,911,472,487,2695,1870
estados_senuelo,14.444444444444445,26,0.1,0.05,2.3999997122992056e-07,50252,50253,60252,60253,256,1,0.00390625,1,0.005777111067,1300,734,685,256,2,0.0078125,1,0.007537111061,942,489,518,2719,1949
estados_senuelo,14.444444444444445,27,0.1,0.05,2.3999997122992056e-07,50254,50255,60254,60255,256,1,0.00390625,1,0.005841111065,1287,683,719,256,3,0.01171875,1,0.007345111064,835,538,507,2689,1880
estados_senuelo,14.444444444444445,28,0.1,0.05,2.3999997122992056e-07,50256,50257,60256,60257,256,3,0.01171875,1,0.005841111065,1303,700,734,256,1,0.00390625,1,0.007281111065,868,503,501,2737,1872
estados_senuelo,14.444444444444445,29,0.1,0.05,2.3999997122992056e-07,50258,50259,60258,60259,256,2,0.0078125,1,0.005841111065,1295,671,749,256,1,0.00390625,1,0.007217111066,853,522,537,2715,1912
estados_senuelo,23.88888888888889,0,0.1,0.05,2.3999997122992056e-07,50400,50401,60400,60401,256,1,0.00390625,1,0.007005222146,1003,578,594,256,1,0.00390625,1,0.008861222154,758,467,488,2175,1713
estados_senuelo,23.88888888888889,1,0.1,0.05,2.3999997122992056e-07,50402,50403,60402,60403,256,0,0.0,1,0.006813222152,1021,538,617,256,1,0.00390625,1,0.008925222153,685,459,501,2176,1645
estados_senuelo,23.88888888888889,2,0.1,0.05,2.3999997122992056e-07,50404,50405,60404,60405,256,3,0.01171875,1,0.006685222156,1040,552,566,256,2,0.0078125,1,0.008669222157,756,433,485,2158,1674
estados_senuelo,23.88888888888889,3,0.1,0.05,2.3999997122992056e-07,50406,50407,60406,60407,256,1,0.00390625,1,0.006941222148,1035,564,566,256,2,0.0078125,1,0.009309222147,759,480,448,2165,1687
estados_senuelo,23.88888888888889,4,0.1,0.05,2.3999997122992056e-07,50408,50409,60408,60409,256,1,0.00390625,1,0.006525222161,985,548,568,256,0,0.0,1,0.009181222149,748,458,455,2101,1661
estados_senuelo,23.88888888888889,5,0.1,0.05,2.3999997122992056e-07,50410,50411,60410,60411,256,1,0.00390625,1,0.00687722215,965,587,552,256,2,0.0078125,1,0.009053222151,768,432,390,2104,1590
estados_senuelo,23.88888888888889,6,0.1,0.05,2.3999997122992056e-07,50412,50413,60412,60413,256,4,0.015625,1,0.006749222154,993,588,554,256,1,0.00390625,1,0.008605222158,733,424,427,2135,1584
estados_senuelo,23.88888888888889,7,0.1,0.05,2.3999997122992056e-07,50414,50415,60414,60415,256,3,0.01171875,1,0.006781222153,1035,581,603,256,0,0.0,1,0.008925222153,733,467,490,2219,1690
estados_senuelo,23.88888888888889,8,0.1,0.05,2.3999997122992056e-07,50416,50417,60416,60417,256,2,0.0078125,1,0.006781222153,1000,582,579,256,3,0.01171875,1,0.009053222151,794,435,438,2161,1667
estados_senuelo,23.88888888888889,9,0.1,0.05,2.3999997122992056e-07,50418,50419,60418,60419,256,2,0.0078125,1,0.00655722216,1048,582,573,256,0,0.0,1,0.008605222158,757,428,464,2203,1649
estados_senuelo,23.88888888888889,10,0.1,0.05,2.3999997122992056e-07,50420,50421,60420,60421,256,2,0.0078125,1,0.006589222159,1014,553,560,256,0,0.0,1,0.009245222148,790,446,467,2127,1703
estados_senuelo,23.88888888888889,11,0.1,0.05,2.3999997122992056e-07,50422,50423,60422,60423,256,1,0.00390625,1,0.006909222149,1029,623,620,256,1,0.00390625,1,0.008861222154,762,454,463,2272,1679
estados_senuelo,23.88888888888889,12,0.1,0.05,2.3999997122992056e-07,50424,50425,60424,60425,256,2,0.0078125,1,0.006653222157,1035,577,556,256,0,0.0,1,0.008733222156,751,436,449,2168,1636
estados_senuelo,23.88888888888889,13,0.1,0.05,2.3999997122992056e-07,50426,50427,60426,60427,256,1,0.00390625,1,0.006845222151,1086,616,599,256,0,0.0,1,0.009053222151,781,441,451,2301,1673
estados_senuelo,23.88888888888889,14,0.1,0.05,2.3999997122992056e-07,50428,50429,60428,60429,256,1,0.00390625,1,0.006909222149,1022,617,600,256,0,0.0,1,0.008797222155,777,428,408,2239,1613
estados_senuelo,23.88888888888889,15,0.1,0.05,2.3999997122992056e-07,50430,50431,60430,60431,256,0,0.0,1,0.006813222152,1021,537,572,256,1,0.00390625,1,0.008925222153,761,470,429,2130,1660
estados_senuelo,23.88888888888889,16,0.1,0.05,2.3999997122992056e-07,50432,50433,60432,60433,256,0,0.0,1,0.006717222155,991,578,576,256,1,0.00390625,1,0.009181222149,779,450,480,2145,1709
estados_senuelo,23.88888888888889,17,0.1,0.05,2.3999997122992056e-07,50434,50435,60434,60435,256,2,0.0078125,1,0.006685222156,1044,592,569,256,1,0.00390625,1,0.009181222149,785,459,496,2205,1740
estados_senuelo,23.88888888888889,18,0.1,0.05,2.3999997122992056e-07,50436,50437,60436,60437,256,0,0.0,1,0.00687722215,1024,577,638,256,0,0.0,1,0.009181222149,757,448,482,2239,1687
estados_senuelo,23.88888888888889,19,0.1,0.05,2.3999997122992056e-07,50438,50439,60438,60439,256,1,0.00390625,1,0.007005222146,1038,563,579,256,1,0.00390625,1,0.00847722216,748,450,456,2180,1654
estados_senuelo,23.88888888888889,20,0.1,0.05,2.3999997122992056e-07,50440,50441,60440,60441,256,3,0.01171875,1,0.006813222152,1122,605,590,256,0,0.0,1,0.009373222145999999,771,463,491,2317,1725
estados_senuelo,23.88888888888889,21,0.1,0.05,2.3999997122992056e-07,50442,50443,60442,60443,256,3,0.01171875,1,0.006781222153,1028,587,622,256,4,0.015625,1,0.008797222155,733,427,477,2237,1637
estados_senuelo,23.88888888888889,22,0.1,0.05,2.3999997122992056e-07,50444,50445,60444,60445,256,1,0.00390625,1,0.006973222147,1042,585,562,256,0,0.0,1,0.009053222151,774,452,446,2189,1672
estados_senuelo,23.88888888888889,23,0.1,0.05,2.3999997122992056e-07,50446,50447,60446,60447,256,3,0.01171875,1,0.006621222158,1029,573,559,256,2,0.0078125,1,0.008733222156,772,480,425,2161,1677
estados_senuelo,23.88888888888889,24,0.1,0.05,2.3999997122992056e-07,50448,50449,60448,60449,256,0,0.0,1,0.00655722216,973,579,590,256,0,0.0,1,0.008541222159,743,430,421,2142,1594
estados_senuelo,23.88888888888889,25,0.1,0.05,2.3999997122992056e-07,50450,50451,60450,60451,256,1,0.00390625,1,0.006685222156,1067,606,585,256,1,0.00390625,1,0.008733222156,751,440,453,2258,1644
estados_senuelo,23.88888888888889,26,0.1,0.05,2.3999997122992056e-07,50452,50453,60452,60453,256,1,0.00390625,1,0.006909222149,1049,604,592,256,1,0.00390625,1,0.008413222161,738,422,436,2245,1596
estados_senuelo,23.88888888888889,27,0.1,0.05,2.3999997122992056e-07,50454,50455,60454,60455,256,0,0.0,1,0.006685222156,1037,582,551,256,1,0.00390625,1,0.008925222153,791,402,444,2170,1637
estados_senuelo,23.88888888888889,28,0.1,0.05,2.3999997122992056e-07,50456,50457,60456,60457,256,0,0.0,1,0.006653222157,1005,581,553,256,1,0.00390625,1,0.009053222151,754,466,423,2139,1643
estados_senuelo,23.88888888888889,29,0.1,0.05,2.3999997122992056e-07,50458,50459,60458,60459,256,0,0.0,1,0.006621222158,1030,617,558,256,0,0.0,1,0.008413222161,762,441,466,2205,1669
estados_senuelo,33.333333333333336,0,0.1,0.05,2.3999997122992056e-07,50600,50601,60600,60601,256,2,0.0078125,1,0.008169333232,885,463,492,256,2,0.0078125,1,0.011145333237,668,351,434,1840,1453
estados_senuelo,33.333333333333336,1,0.1,0.05,2.3999997122992056e-07,50602,50603,60602,60603,256,3,0.01171875,1,0.007817333243,835,484,485,256,3,0.01171875,1,0.011721333228,675,418,400,1804,1493
estados_senuelo,33.333333333333336,2,0.1,0.05,2.3999997122992056e-07,50604,50605,60604,60605,256,2,0.0078125,1,0.008169333232,933,498,493,256,1,0.00390625,1,0.012361333218,734,450,384,1924,1568
estados_senuelo,33.333333333333336,3,0.1,0.05,2.3999997122992056e-07,50606,50607,60606,60607,256,0,0.0,1,0.008169333232,846,472,554,256,1,0.00390625,1,0.012105333222,691,458,406,1872,1555
estados_senuelo,33.333333333333336,4,0.1,0.05,2.3999997122992056e-07,50608,50609,60608,60609,256,0,0.0,1,0.00823333323,829,510,512,256,2,0.0078125,1,0.01095333324,627,443,412,1851,1482
estados_senuelo,33.333333333333336,5,0.1,0.05,2.3999997122992056e-07,50610,50611,60610,60611,256,2,0.0078125,1,0.008041333236,805,499,486,256,1,0.00390625,1,0.012041333223,695,404,420,1790,1519
estados_senuelo,33.333333333333336,6,0.1,0.05,2.3999997122992056e-07,50612,50613,60612,60613,256,2,0.0078125,1,0.00855333322,859,489,499,256,0,0.0,1,0.011401333232999999,664,430,404,1847,1498
estados_senuelo,33.333333333333336,7,0.1,0.05,2.3999997122992056e-07,50614,50615,60614,60615,256,0,0.0,1,0.008137333233,884,492,503,256,1,0.00390625,1,0.011657333229,689,384,408,1879,1481
estados_senuelo,33.333333333333336,8,0.1,0.05,2.3999997122992056e-07,50616,50617,60616,60617,256,1,0.00390625,1,0.00855333322,841,507,520,256,0,0.0,1,0.010697333244,651,402,388,1868,1441
estados_senuelo,33.333333333333336,9,0.1,0.05,2.3999997122992056e-07,50618,50619,60618,60619,256,4,0.015625,1,0.008457333223,879,488,490,256,0,0.0,1,0.011721333228,672,416,390,1857,1478
estados_senuelo,33.333333333333336,10,0.1,0.05,2.3999997122992056e-07,50620,50621,60620,60621,256,1,0.00390625,1,0.008105333234,914,507,495,256,0,0.0,1,0.011913333225,683,427,434,1916,1544
estados_senuelo,33.333333333333336,11,0.1,0.05,2.3999997122992056e-07,50622,50623,60622,60623,256,1,0.00390625,1,0.008329333227,875,485,488,256,0,0.0,1,0.012041333223,685,438,441,1848,1564
estados_senuelo,33.333333333333336,12,0.1,0.05,2.3999997122992056e-07,50624,50625,60624,60625,256,2,0.0078125,1,0.00823333323,860,499,489,256,2,0.0078125,1,0.011145333237,681,376,410,1848,1467
estados_senuelo,33.333333333333336,13,0.1,0.05,2.3999997122992056e-07,50626,50627,60626,60627,256,0,0.0,1,0.00791333324,809,493,437,256,4,0.015625,1,0.010761333243,673,386,359,1739,1418
estados_senuelo,33.333333333333336,14,0.1,0.05,2.3999997122992056e-07,50628,50629,60628,60629,256,2,0.0078125,1,0.008329333227,819,467,490,256,2,0.0078125,1,0.012361333218,665,407,422,1776,1494
estados_senuelo,33.333333333333336,15,0.1,0.05,2.3999997122992056e-07,50630,50631,60630,60631,256,3,0.01171875,1,0.008105333234,849,506,533,256,1,0.00390625,1,0.011593333229999999,691,419,431,1888,1541
estados_senuelo,33.333333333333336,16,0.1,0.05,2.3999997122992056e-07,50632,50633,60632,60633,256,2,0.0078125,1,0.00823333323,814,510,507,256,0,0.0,1,0.011657333229,644,441,409,1831,1494
estados_senuelo,33.333333333333336,17,0.1,0.05,2.3999997122992056e-07,50634,50635,60634,60635,256,1,0.00390625,1,0.00823333323,846,462,544,256,2,0.0078125,1,0.011721333228,646,424,395,1852,1465
estados_senuelo,33.333333333333336,18,0.1,0.05,2.3999997122992056e-07,50636,50637,60636,60637,256,3,0.01171875,1,0.007977333238,873,498,484,256,3,0.01171875,1,0.011337333234,682,405,399,1855,1486
estados_senuelo,33.333333333333336,19,0.1,0.05,2.3999997122992056e-07,50638,50639,60638,60639,256,2,0.0078125,1,0.008265333229,832,512,521,256,1,0.00390625,1,0.011721333228,677,419,398,1865,1494
estados_senuelo,33.333333333333336,20,0.1,0.05,2.3999997122992056e-07,50640,50641,60640,60641,256,1,0.00390625,1,0.008521333221,857,504,501,256,1,0.00390625,1,0.011977333224,667,400,395,1862,1462
estados_senuelo,33.333333333333336,21,0.1,0.05,2.3999997122992056e-07,50642,50643,60642,60643,256,1,0.00390625,1,0.007849333242,844,463,456,256,2,0.0078125,1,0.011913333225,659,407,420,1763,1486
estados_senuelo,33.333333333333336,22,0.1,0.05,2.3999997122992056e-07,50644,50645,60644,60645,256,1,0.00390625,1,0.008073333235,825,468,498,256,2,0.0078125,1,0.011081333238,637,400,374,1791,1411
estados_senuelo,33.333333333333336,23,0.1,0.05,2.3999997122992056e-07,50646,50647,60646,60647,256,2,0.0078125,1,0.008457333223,874,550,528,256,3,0.01171875,1,0.012041333223,646,388,438,1952,1472
estados_senuelo,33.333333333333336,24,0.1,0.05,2.3999997122992056e-07,50648,50649,60648,60649,256,2,0.0078125,1,0.008073333235,872,505,506,256,0,0.0,1,0.011657333229,680,402,443,1883,1525
estados_senuelo,33.333333333333336,25,0.1,0.05,2.3999997122992056e-07,50650,50651,60650,60651,256,0,0.0,1,0.007849333242,870,522,487,256,2,0.0078125,1,0.011145333237,659,393,412,1879,1464
estados_senuelo,33.333333333333336,26,0.1,0.05,2.3999997122992056e-07,50652,50653,60652,60653,256,4,0.015625,1,0.008201333231,786,464,497,256,0,0.0,1,0.012297333219,669,409,406,1747,1484
estados_senuelo,33.333333333333336,27,0.1,0.05,2.3999997122992056e-07,50654,50655,60654,60655,256,2,0.0078125,1,0.007529333252,845,483,500,256,3,0.01171875,1,0.01095333324,649,404,404,1828,1457
estados_senuelo,33.333333333333336,28,0.1,0.05,2.3999997122992056e-07,50656,50657,60656,60657,256,1,0.00390625,1,0.007977333238,824,497,505,256,1,0.00390625,1,0.011721333228,689,394,442,1826,1525
estados_senuelo,33.333333333333336,29,0.1,0.05,2.3999997122992056e-07,50658,50659,60658,60659,256,0,0.0,1,0.008041333236,870,484,508,256,1,0.00390625,1,0.011401333232999999,676,404,394,1862,1474
estados_senuelo,42.77777777777778,0,0.1,0.05,2.3999997122992056e-07,50800,50801,60800,60801,256,1,0.00390625,1,0.010037444291,714,442,458,256,0,0.0,1,0.016117444273,612,392,404,1614,1408
estados_senuelo,42.77777777777778,1,0.1,0.05,2.3999997122992056e-07,50802,50803,60802,60803,256,0,0.0,1,0.010101444289,739,437,409,256,1,0.00390625,1,0.015989444275,644,383,337,1585,1364
estados_senuelo,42.77777777777778,2,0.1,0.05,2.3999997122992056e-07,50804,50805,60804,60805,256,1,0.00390625,1,0.010165444287,684,441,441,256,0,0.0,1,0.01566944428,644,356,418,1566,1418
estados_senuelo,42.77777777777778,3,0.1,0.05,2.3999997122992056e-07,50806,50807,60806,60807,256,2,0.0078125,1,0.010293444282999999,732,399,471,256,3,0.01171875,1,0.01502944429,604,356,376,1602,1336
estados_senuelo,42.77777777777778,4,0.1,0.05,2.3999997122992056e-07,50808,50809,60808,60809,256,1,0.00390625,1,0.010229444285,699,391,474,256,1,0.00390625,1,0.015413444283999999,585,390,423,1564,1398
estados_senuelo,42.77777777777778,5,0.1,0.05,2.3999997122992056e-07,50810,50811,60810,60811,256,6,0.0234375,1,0.010645444272,736,430,469,256,2,0.0078125,1,0.016373444269,597,419,404,1635,1420
estados_senuelo,42.77777777777778,6,0.1,0.05,2.3999997122992056e-07,50812,50813,60812,60813,256,0,0.0,1,0.010037444291,675,427,405,256,0,0.0,1,0.017525444251,679,390,404,1507,1473
estados_senuelo,42.77777777777778,7,0.1,0.05,2.3999997122992056e-07,50814,50815,60814,60815,256,1,0.00390625,1,0.01006944429,708,445,450,256,1,0.00390625,1,0.014517444298,614,394,355,1603,1363
estados_senuelo,42.77777777777778,8,0.1,0.05,2.3999997122992056e-07,50816,50817,60816,60817,256,1,0.00390625,1,0.010741444269,767,454,470,256,3,0.01171875,1,0.015605444280999999,627,360,393,1691,1380
estados_senuelo,42.77777777777778,9,0.1,0.05,2.3999997122992056e-07,50818,50819,60818,60819,256,1,0.00390625,1,0.009909444295,716,432,409,256,1,0.00390625,1,0.015413444283999999,577,364,377,1557,1318
estados_senuelo,42.77777777777778,10,0.1,0.05,2.3999997122992056e-07,50820,50821,60820,60821,256,1,0.00390625,1,0.009941444294,666,438,449,256,3,0.01171875,1,0.014901444292,616,386,344,1553,1346
estados_senuelo,42.77777777777778,11,0.1,0.05,2.3999997122992056e-07,50822,50823,60822,60823,256,0,0.0,1,0.009845444297,762,414,432,256,1,0.00390625,1,0.015413444283999999,641,369,379,1608,1389
estados_senuelo,42.77777777777778,12,0.1,0.05,2.3999997122992056e-07,50824,50825,60824,60825,256,0,0.0,1,0.010005444292,739,436,420,256,0,0.0,1,0.014325444300999999,559,387,366,1595,1312
estados_senuelo,42.77777777777778,13,0.1,0.05,2.3999997122992056e-07,50826,50827,60826,60827,256,0,0.0,1,0.009973444292999999,734,416,449,256,1,0.00390625,1,0.015733444279,658,432,379,1599,1469
estados_senuelo,42.77777777777778,14,0.1,0.05,2.3999997122992056e-07,50828,50829,60828,60829,256,3,0.01171875,1,0.010357444281,683,468,489,256,0,0.0,1,0.016117444273,624,403,363,1640,1390
estados_senuelo,42.77777777777778,15,0.1,0.05,2.3999997122992056e-07,50830,50831,60830,60831,256,1,0.00390625,1,0.010357444281,698,448,424,256,2,0.0078125,1,0.015733444279,636,369,395,1570,1400
estados_senuelo,42.77777777777778,16,0.1,0.05,2.3999997122992056e-07,50832,50833,60832,60833,256,4,0.015625,1,0.010229444285,726,415,450,256,2,0.0078125,1,0.01502944429,669,335,365,1591,1369
estados_senuelo,42.77777777777778,17,0.1,0.05,2.3999997122992056e-07,50834,50835,60834,60835,256,2,0.0078125,1,0.010805444267,771,420,446,256,2,0.0078125,1,0.014901444292,611,358,412,1637,1381
estados_senuelo,42.77777777777778,18,0.1,0.05,2.3999997122992056e-07,50836,50837,60836,60837,256,1,0.00390625,1,0.010197444286,744,451,459,256,1,0.00390625,1,0.014837444293,626,389,350,1654,1365
estados_senuelo,42.77777777777778,19,0.1,0.05,2.3999997122992056e-07,50838,50839,60838,60839,256,1,0.00390625,1,0.010101444289,742,457,457,256,2,0.0078125,1,0.014197444303,616,355,349,1656,1320
estados_senuelo,42.77777777777778,20,0.1,0.05,2.3999997122992056e-07,50840,50841,60840,60841,256,2,0.0078125,1,0.010197444286,697,424,451,256,0,0.0,1,0.014837444293,618,359,394,1572,1371
estados_senuelo,42.77777777777778,21,0.1,0.05,2.3999997122992056e-07,50842,50843,60842,60843,256,2,0.0078125,1,0.009941444294,745,404,439,256,2,0.0078125,1,0.015605444280999999,639,371,396,1588,1406
estados_senuelo,42.77777777777778,22,0.1,0.05,2.3999997122992056e-07,50844,50845,60844,60845,256,1,0.00390625,1,0.011189444255,777,449,493,256,2,0.0078125,1,0.014709444295,600,350,379,1719,1329
estados_senuelo,42.77777777777778,23,0.1,0.05,2.3999997122992056e-07,50846,50847,60846,60847,256,1,0.00390625,1,0.010197444286,736,472,441,256,3,0.01171875,1,0.015989444275,635,395,408,1649,1438
estados_senuelo,42.77777777777778,24,0.1,0.05,2.3999997122992056e-07,50848,50849,60848,60849,256,1,0.00390625,1,0.010645444272,776,429,439,256,3,0.01171875,1,0.015861444276999998,636,395,411,1644,1442
estados_senuelo,42.77777777777778,25,0.1,0.05,2.3999997122992056e-07,50850,50851,60850,60851,256,3,0.01171875,1,0.010485444277,709,481,434,256,0,0.0,1,0.015413444283999999,562,377,395,1624,1334
estados_senuelo,42.77777777777778,26,0.1,0.05,2.3999997122992056e-07,50852,50853,60852,60853,256,1,0.00390625,1,0.009621444304,681,397,473,256,0,0.0,1,0.014773444294,592,361,385,1551,1338
estados_senuelo,42.77777777777778,27,0.1,0.05,2.3999997122992056e-07,50854,50855,60854,60855,256,0,0.0,1,0.010613444272999999,761,428,436,256,2,0.0078125,1,0.015285444286,578,363,373,1625,1314
estados_senuelo,42.77777777777778,28,0.1,0.05,2.3999997122992056e-07,50856,50857,60856,60857,256,2,0.0078125,1,0.010357444281,756,428,418,256,1,0.00390625,1,0.014581444297,627,368,369,1602,1364
estados_senuelo,42.77777777777778,29,0.1,0.05,2.3999997122992056e-07,50858,50859,60858,60859,256,1,0.00390625,1,0.010517444276,780,425,420,256,0,0.0,1,0.016885444261,638,421,407,1625,1466
estados_senuelo,52.22222222222222,0,0.1,0.05,2.3999997122992056e-07,51000,51001,61000,61001,256,1,0.00390625,1,0.013537555299,661,414,418,256,5,0.01953125,1,0.021857555296999998,566,361,375,1493,1302
estados_senuelo,52.22222222222222,1,0.1,0.05,2.3999997122992056e-07,51002,51003,61002,61003,256,0,0.0,1,0.012417555334,627,357,361,256,2,0.0078125,1,0.020897555312,609,330,385,1345,1324
estados_senuelo,52.22222222222222,2,0.1,0.05,2.3999997122992056e-07,51004,51005,61004,61005,256,1,0.00390625,1,0.012833555320999999,646,397,373,256,1,0.00390625,1,0.021729555299,604,353,367,1416,1324
estados_senuelo,52.22222222222222,3,0.1,0.05,2.3999997122992056e-07,51006,51007,61006,61007,256,0,0.0,1,0.013537555299,636,408,353,256,3,0.01171875,1,0.020513555318,584,375,370,1397,1329
estados_senuelo,52.22222222222222,4,0.1,0.05,2.3999997122992056e-07,51008,51009,61008,61009,256,2,0.0078125,1,0.01318555531,674,398,413,256,0,0.0,1,0.021153555307999998,566,352,321,1485,1239
estados_senuelo,52.22222222222222,5,0.1,0.05,2.3999997122992056e-07,51010,51011,61010,61011,256,1,0.00390625,1,0.014017555284,676,419,415,256,2,0.0078125,1,0.02102555531,569,348,341,1510,1258
estados_senuelo,52.22222222222222,6,0.1,0.05,2.3999997122992056e-07,51012,51013,61012,61013,256,0,0.0,1,0.013025555315,643,402,391,256,4,0.015625,1,0.01974555533,562,335,360,1436,1257
estados_senuelo,52.22222222222222,7,0.1,0.05,2.3999997122992056e-07,51014,51015,61014,61015,256,3,0.01171875,1,0.013281555307,679,376,368,256,1,0.00390625,1,0.020001555326,538,338,362,1423,1238
estados_senuelo,52.22222222222222,8,0.1,0.05,2.3999997122992056e-07,51016,51017,61016,61017,256,1,0.00390625,1,0.013057555314,705,398,370,256,3,0.01171875,1,0.021089555309,576,333,356,1473,1265
estados_senuelo,52.22222222222222,9,0.1,0.05,2.3999997122992056e-07,51018,51019,61018,61019,256,0,0.0,1,0.013057555314,632,399,400,256,1,0.00390625,1,0.020129555324,555,303,341,1431,1199
estados_senuelo,52.22222222222222,10,0.1,0.05,2.3999997122992056e-07,51020,51021,61020,61021,256,1,0.00390625,1,0.013121555312,663,382,422,256,0,0.0,1,0.022497555287,584,346,369,1467,1299
estados_senuelo,52.22222222222222,11,0.1,0.05,2.3999997122992056e-07,51022,51023,61022,61023,256,0,0.0,1,0.012929555318,618,408,399,256,1,0.00390625,1,0.020001555326,544,357,354,1425,1255
estados_senuelo,52.22222222222222,12,0.1,0.05,2.3999997122992056e-07,51024,51025,61024,61025,256,2,0.0078125,1,0.013345555305,641,414,406,256,4,0.015625,1,0.021793555298,573,369,382,1461,1324
estados_senuelo,52.22222222222222,13,0.1,0.05,2.3999997122992056e-07,51026,51027,61026,61027,256,1,0.00390625,1,0.012385555335,655,404,352,256,1,0.00390625,1,0.021793555298,567,390,397,1411,1354
estados_senuelo,52.22222222222222,14,0.1,0.05,2.3999997122992056e-07,51028,51029,61028,61029,256,1,0.00390625,1,0.013089555313,663,368,409,256,2,0.0078125,1,0.020769555313999998,585,333,331,1440,1249
estados_senuelo,52.22222222222222,15,0.1,0.05,2.3999997122992056e-07,51030,51031,61030,61031,256,2,0.0078125,1,0.013985555285,645,424,379,256,0,0.0,1,0.021089555309,572,351,360,1448,1283
estados_senuelo,52.22222222222222,16,0.1,0.05,2.3999997122992056e-07,51032,51033,61032,61033,256,0,0.0,1,0.012737555324,617,406,398,256,0,0.0,1,0.022753555283,590,365,385,1421,1340
estados_senuelo,52.22222222222222,17,0.1,0.05,2.3999997122992056e-07,51034,51035,61034,61035,256,0,0.0,1,0.013697555294,654,431,416,256,1,0.00390625,1,0.019489555334,559,327,320,1501,1206
estados_senuelo,52.22222222222222,18,0.1,0.05,2.3999997122992056e-07,51036,51037,61036,61037,256,1,0.00390625,1,0.013089555313,664,368,428,256,2,0.0078125,1,0.021729555299,588,392,365,1460,1345
estados_senuelo,52.22222222222222,19,0.1,0.05,2.3999997122992056e-07,51038,51039,61038,61039,256,1,0.00390625,1,0.012801555322,650,378,400,256,2,0.0078125,1,0.021281555306,557,375,357,1428,1289
estados_senuelo,52.22222222222222,20,0.1,0.05,2.3999997122992056e-07,51040,51041,61040,61041,256,1,0.00390625,1,0.012641555327,642,401,358,256,1,0.00390625,1,0.01974555533,520,349,340,1401,1209
estados_senuelo,52.22222222222222,21,0.1,0.05,2.3999997122992056e-07,51042,51043,61042,61043,256,1,0.00390625,1,0.013761555292,657,430,378,256,3,0.01171875,1,0.022369555289,551,385,377,1465,1313
estados_senuelo,52.22222222222222,22,0.1,0.05,2.3999997122992056e-07,51044,51045,61044,61045,256,0,0.0,1,0.012993555315999999,668,387,370,256,3,0.01171875,1,0.021281555306,558,356,381,1425,1295
estados_senuelo,52.22222222222222,23,0.1,0.05,2.3999997122992056e-07,51046,51047,61046,61047,256,1,0.00390625,1,0.013217555309,653,408,377,256,1,0.00390625,1,0.02102555531,568,337,319,1438,1224
estados_senuelo,52.22222222222222,24,0.1,0.05,2.3999997122992056e-07,51048,51049,61048,61049,256,1,0.00390625,1,0.012737555324,633,361,376,256,0,0.0,1,0.021729555299,559,355,370,1370,1284
estados_senuelo,52.22222222222222,25,0.1,0.05,2.3999997122992056e-07,51050,51051,61050,61051,256,3,0.01171875,1,0.013089555313,661,423,446,256,2,0.0078125,1,0.020961555311,594,351,350,1530,1295
estados_senuelo,52.22222222222222,26,0.1,0.05,2.3999997122992056e-07,51052,51053,61052,61053,256,0,0.0,1,0.013377555304,702,397,409,256,1,0.00390625,1,0.020321555321,564,357,353,1508,1274
estados_senuelo,52.22222222222222,27,0.1,0.05,2.3999997122992056e-07,51054,51055,61054,61055,256,0,0.0,1,0.011873555350999999,598,380,383,256,2,0.0078125,1,0.022689555284,573,402,353,1361,1328
estados_senuelo,52.22222222222222,28,0.1,0.05,2.3999997122992056e-07,51056,51057,61056,61057,256,1,0.00390625,1,0.012801555322,652,396,432,256,0,0.0,1,0.021153555307999998,562,344,351,1480,1257
estados_senuelo,52.22222222222222,29,0.1,0.05,2.3999997122992056e-07,51058,51059,61058,61059,256,1,0.00390625,1,0.012993555315999999,651,401,373,256,0,0.0,1,0.022433555288,595,373,373,1425,1341
estados_senuelo,61.66666666666667,0,0.1,0.05,2.3999997122992056e-07,51200,51201,61200,61201,256,2,0.0078125,1,0.016653666319,579,360,355,256,0,0.0,1,0.031117666266,550,341,335,1294,1226
estados_senuelo,61.66666666666667,1,0.1,0.05,2.3999997122992056e-07,51202,51203,61202,61203,256,1,0.00390625,1,0.017453666294,583,376,354,256,0,0.0,1,0.031949666253,534,344,386,1313,1264
estados_senuelo,61.66666666666667,2,0.1,0.05,2.3999997122992056e-07,51204,51205,61204,61205,256,1,0.00390625,1,0.017165666303,603,359,373,256,1,0.00390625,1,0.028749666303,506,320,352,1335,1178
estados_senuelo,61.66666666666667,3,0.1,0.05,2.3999997122992056e-07,51206,51207,61206,61207,256,1,0.00390625,1,0.018957666247,628,349,395,256,3,0.01171875,1,0.029901666285,562,351,359,1372,1272
estados_senuelo,61.66666666666667,4,0.1,0.05,2.3999997122992056e-07,51208,51209,61208,61209,256,1,0.00390625,1,0.018669666256,623,356,365,256,2,0.0078125,1,0.029709666287999998,554,346,333,1344,1233
estados_senuelo,61.66666666666667,5,0.1,0.05,2.3999997122992056e-07,51210,51211,61210,61211,256,2,0.0078125,1,0.017741666285,575,385,372,256,0,0.0,1,0.030093666281999998,551,352,349,1332,1252
estados_senuelo,61.66666666666667,6,0.1,0.05,2.3999997122992056e-07,51212,51213,61212,61213,256,1,0.00390625,1,0.016813666314,597,362,353,256,1,0.00390625,1,0.030029666283,549,354,343,1312,1246
estados_senuelo,61.66666666666667,7,0.1,0.05,2.3999997122992056e-07,51214,51215,61214,61215,256,3,0.01171875,1,0.0172616663,626,353,369,256,2,0.0078125,1,0.027533666321999998,551,315,313,1348,1179
estados_senuelo,61.66666666666667,8,0.1,0.05,2.3999997122992056e-07,51216,51217,61216,61217,256,3,0.01171875,1,0.017453666294,618,345,331,256,3,0.01171875,1,0.03022166628,560,352,350,1294,1262
estados_senuelo,61.66666666666667,9,0.1,0.05,2.3999997122992056e-07,51218,51219,61218,61219,256,3,0.01171875,1,0.018893666249,570,367,387,256,3,0.01171875,1,0.027277666326,484,329,301,1324,1114
estados_senuelo,61.66666666666667,10,0.1,0.05,2.3999997122992056e-07,51220,51221,61220,61221,256,3,0.01171875,1,0.018413666264,632,382,398,256,0,0.0,1,0.025869666348,483,311,327,1412,1121
estados_senuelo,61.66666666666667,11,0.1,0.05,2.3999997122992056e-07,51222,51223,61222,61223,256,0,0.0,1,0.017709666286,598,393,353,256,1,0.00390625,1,0.029901666285,527,320,340,1344,1187
estados_senuelo,61.66666666666667,12,0.1,0.05,2.3999997122992056e-07,51224,51225,61224,61225,256,1,0.00390625,1,0.017549666291,601,404,326,256,1,0.00390625,1,0.026893666332,506,364,314,1331,1184
estados_senuelo,61.66666666666667,13,0.1,0.05,2.3999997122992056e-07,51226,51227,61226,61227,256,0,0.0,1,0.018317666267,614,376,358,256,1,0.00390625,1,0.03150166626,554,333,351,1348,1238
estados_senuelo,61.66666666666667,14,0.1,0.05,2.3999997122992056e-07,51228,51229,61228,61229,256,1,0.00390625,1,0.016205666333,610,403,339,256,1,0.00390625,1,0.03086166627,555,352,347,1352,1254
estados_senuelo,61.66666666666667,15,0.1,0.05,2.3999997122992056e-07,51230,51231,61230,61231,256,0,0.0,1,0.017645666288,611,339,369,256,3,0.01171875,1,0.030477666276,544,348,346,1319,1238
estados_senuelo,61.66666666666667,16,0.1,0.05,2.3999997122992056e-07,51232,51233,61232,61233,256,1,0.00390625,1,0.019021666245,633,388,392,256,2,0.0078125,1,0.031821666255,513,384,336,1413,1233
estados_senuelo,61.66666666666667,17,0.1,0.05,2.3999997122992056e-07,51234,51235,61234,61235,256,1,0.00390625,1,0.017005666308,571,324,375,256,2,0.0078125,1,0.031693666257,563,343,379,1270,1285
estados_senuelo,61.66666666666667,18,0.1,0.05,2.3999997122992056e-07,51236,51237,61236,61237,256,1,0.00390625,1,0.018285666268,619,356,391,256,3,0.01171875,1,0.030669666273,535,338,336,1366,1209
estados_senuelo,61.66666666666667,19,0.1,0.05,2.3999997122992056e-07,51238,51239,61238,61239,256,1,0.00390625,1,0.016397666326999998,579,349,343,256,2,0.0078125,1,0.030349666278,504,338,364,1271,1206
estados_senuelo,61.66666666666667,20,0.1,0.05,2.3999997122992056e-07,51240,51241,61240,61241,256,3,0.01171875,1,0.016397666326999998,549,351,364,256,2,0.0078125,1,0.029517666291,564,327,330,1264,1221
estados_senuelo,61.66666666666667,21,0.1,0.05,2.3999997122992056e-07,51242,51243,61242,61243,256,2,0.0078125,1,0.017869666281,599,394,357,256,3,0.01171875,1,0.029069666298,516,331,332,1350,1179
estados_senuelo,61.66666666666667,22,0.1,0.05,2.3999997122992056e-07,51244,51245,61244,61245,256,0,0.0,1,0.017229666301,612,342,356,256,2,0.0078125,1,0.032013666252,564,343,345,1310,1252
estados_senuelo,61.66666666666667,23,0.1,0.05,2.3999997122992056e-07,51246,51247,61246,61247,256,1,0.00390625,1,0.017517666292,556,357,365,256,0,0.0,1,0.029197666296,544,297,369,1278,1210
estados_senuelo,61.66666666666667,24,0.1,0.05,2.3999997122992056e-07,51248,51249,61248,61249,256,0,0.0,1,0.017645666288,599,349,388,256,1,0.00390625,1,0.028109666313,528,336,341,1336,1205
estados_senuelo,61.66666666666667,25,0.1,0.05,2.3999997122992056e-07,51250,51251,61250,61251,256,0,0.0,1,0.01758166629,617,368,365,256,1,0.00390625,1,0.029517666291,551,337,356,1350,1244
estados_senuelo,61.66666666666667,26,0.1,0.05,2.3999997122992056e-07,51252,51253,61252,61253,256,3,0.01171875,1,0.017517666292,633,375,383,256,3,0.01171875,1,0.0289416663,519,351,339,1391,1209
estados_senuelo,61.66666666666667,27,0.1,0.05,2.3999997122992056e-07,51254,51255,61254,61255,256,0,0.0,1,0.017805666283,600,362,389,256,2,0.0078125,1,0.03086166627,550,363,349,1351,1262
estados_senuelo,61.66666666666667,28,0.1,0.05,2.3999997122992056e-07,51256,51257,61256,61257,256,1,0.00390625,1,0.017741666285,612,362,374,256,2,0.0078125,1,0.032717666241,544,359,385,1348,1288
estados_senuelo,61.66666666666667,29,0.1,0.05,2.3999997122992056e-07,51258,51259,61258,61259,256,0,0.0,1,0.016109666336,536,369,360,256,1,0.00390625,1,0.028429666308,526,310,321,1265,1157
estados_senuelo,71.11111111111111,0,0.1,0.05,2.3999997122992056e-07,51400,51401,61400,61401,256,1,0.00390625,1,0.022297777265,516,327,328,256,5,0.01953125,1,0.043705777188,508,297,317,1171,1122
estados_senuelo,71.11111111111111,1,0.1,0.05,2.3999997122992056e-07,51402,51403,61402,61403,256,3,0.01171875,1,0.025241777173,545,364,402,256,3,0.01171875,1,0.0429377772,526,356,366,1311,1248
estados_senuelo,71.11111111111111,2,0.1,0.05,2.3999997122992056e-07,51404,51405,61404,61405,256,3,0.01171875,1,0.023033777241999998,541,325,367,256,4,0.015625,1,0.048505777113,524,372,353,1233,1249
estados_senuelo,71.11111111111111,3,0.1,0.05,2.3999997122992056e-07,51406,51407,61406,61407,256,3,0.01171875,1,0.024185777206,541,354,355,256,1,0.00390625,1,0.040249777242,486,308,313,1250,1107
estados_senuelo,71.11111111111111,4,0.1,0.05,2.3999997122992056e-07,51408,51409,61408,61409,256,0,0.0,1,0.023193777236999998,520,344,330,256,3,0.01171875,1,0.042617777205,502,331,364,1194,1197
estados_senuelo,71.11111111111111,5,0.1,0.05,2.3999997122992056e-07,51410,51411,61410,61411,256,1,0.00390625,1,0.02405777721,572,353,357,256,4,0.015625,1,0.046137777149999996,541,338,331,1282,1210
estados_senuelo,71.11111111111111,6,0.1,0.05,2.3999997122992056e-07,51412,51413,61412,61413,256,2,0.0078125,1,0.025081777178,546,368,366,256,3,0.01171875,1,0.042745777203,573,297,338,1280,1208
estados_senuelo,71.11111111111111,7,0.1,0.05,2.3999997122992056e-07,51414,51415,61414,61415,256,2,0.0078125,1,0.023641777223,606,364,350,256,2,0.0078125,1,0.046265777148,535,370,370,1320,1275
estados_senuelo,71.11111111111111,8,0.1,0.05,2.3999997122992056e-07,51416,51417,61416,61417,256,3,0.01171875,1,0.024441777198,547,314,318,256,1,0.00390625,1,0.043769777187,533,316,314,1179,1163
estados_senuelo,71.11111111111111,9,0.1,0.05,2.3999997122992056e-07,51418,51419,61418,61419,256,2,0.0078125,1,0.024825777186,524,352,336,256,1,0.00390625,1,0.043705777188,543,319,330,1212,1192
estados_senuelo,71.11111111111111,10,0.1,0.05,2.3999997122992056e-07,51420,51421,61420,61421,256,0,0.0,1,0.02373777722,575,359,323,256,0,0.0,1,0.04165777722,487,319,301,1257,1107
estados_senuelo,71.11111111111111,11,0.1,0.05,2.3999997122992056e-07,51422,51423,61422,61423,256,0,0.0,1,0.024505777196,578,357,374,256,0,0.0,1,0.043385777193,496,342,295,1309,1133
estados_senuelo,71.11111111111111,12,0.1,0.05,2.3999997122992056e-07,51424,51425,61424,61425,256,1,0.00390625,1,0.023673777221999998,586,329,364,256,1,0.00390625,1,0.039417777255,516,327,304,1279,1147
estados_senuelo,71.11111111111111,13,0.1,0.05,2.3999997122992056e-07,51426,51427,61426,61427,256,0,0.0,1,0.023929777214,537,372,371,256,4,0.015625,1,0.047865777123,548,345,379,1280,1272
estados_senuelo,71.11111111111111,14,0.1,0.05,2.3999997122992056e-07,51428,51429,61428,61429,256,2,0.0078125,1,0.024185777206,572,353,319,256,1,0.00390625,1,0.044025777183,531,318,310,1244,1159
estados_senuelo,71.11111111111111,15,0.1,0.05,2.3999997122992056e-07,51430,51431,61430,61431,256,2,0.0078125,1,0.024153777207,574,326,330,256,3,0.01171875,1,0.043961777183999996,520,327,366,1230,1213
estados_senuelo,71.11111111111111,16,0.1,0.05,2.3999997122992056e-07,51432,51433,61432,61433,256,1,0.00390625,1,0.027385777106,585,400,384,256,0,0.0,1,0.043513777191,506,304,374,1369,1184
estados_senuelo,71.11111111111111,17,0.1,0.05,2.3999997122992056e-07,51434,51435,61434,61435,256,2,0.0078125,1,0.024473777197,538,363,343,256,2,0.0078125,1,0.042873777200999996,530,343,337,1244,1210
estados_senuelo,71.11111111111111,18,0.1,0.05,2.3999997122992056e-07,51436,51437,61436,61437,256,4,0.015625,1,0.026713777127,569,379,361,256,2,0.0078125,1,0.039865777248,525,299,334,1309,1158
estados_senuelo,71.11111111111111,19,0.1,0.05,2.3999997122992056e-07,51438,51439,61438,61439,256,0,0.0,1,0.026521777133,620,382,378,256,2,0.0078125,1,0.042873777200999996,526,366,349,1380,1241
estados_senuelo,71.11111111111111,20,0.1,0.05,2.3999997122992056e-07,51440,51441,61440,61441,256,3,0.01171875,1,0.024953777182,577,339,327,256,1,0.00390625,1,0.044729777171999996,512,339,334,1243,1185
estados_senuelo,71.11111111111111,21,0.1,0.05,2.3999997122992056e-07,51442,51443,61442,61443,256,2,0.0078125,1,0.023833777217,534,340,355,256,1,0.00390625,1,0.045561777159,550,336,343,1229,1229
estados_senuelo,71.11111111111111,22,0.1,0.05,2.3999997122992056e-07,51444,51445,61444,61445,256,0,0.0,1,0.024985777181,592,353,354,256,1,0.00390625,1,0.047481777129,541,357,363,1299,1261
estados_senuelo,71.11111111111111,23,0.1,0.05,2.3999997122992056e-07,51446,51447,61446,61447,256,3,0.01171875,1,0.025177777175,584,374,330,256,5,0.01953125,1,0.043321777194,495,362,340,1288,1197
estados_senuelo,71.11111111111111,24,0.1,0.05,2.3999997122992056e-07,51448,51449,61448,61449,256,1,0.00390625,1,0.026361777138,551,361,361,256,4,0.015625,1,0.045305777163,562,322,334,1273,1218
estados_senuelo,71.11111111111111,25,0.1,0.05,2.3999997122992056e-07,51450,51451,61450,61451,256,3,0.01171875,1,0.025849777154,548,339,360,256,0,0.0,1,0.041913777216,568,317,299,1247,1184
estados_senuelo,71.11111111111111,26,0.1,0.05,2.3999997122992056e-07,51452,51453,61452,61453,256,2,0.0078125,1,0.024313777202,538,359,339,256,1,0.00390625,1,0.041529777222,516,358,331,1236,1205
estados_senuelo,71.11111111111111,27,0.1,0.05,2.3999997122992056e-07,51454,51455,61454,61455,256,0,0.0,1,0.024121777208,533,358,347,256,1,0.00390625,1,0.042617777205,528,319,314,1238,1161
estados_senuelo,71.11111111111111,28,0.1,0.05,2.3999997122992056e-07,51456,51457,61456,61457,256,0,0.0,1,0.0243777772,587,382,350,256,1,0.00390625,1,0.043065777198,529,320,313,1319,1162
estados_senuelo,71.11111111111111,29,0.1,0.05,2.3999997122992056e-07,51458,51459,61458,61459,256,0,0.0,1,0.024121777208,538,338,352,256,1,0.00390625,1,0.044793777171,489,352,357,1228,1198
estados_senuelo,80.55555555555556,0,0.1,0.05,2.3999997122992056e-07,51600,51601,61600,61601,256,27,0.10546875,1,0.035429887972,543,318,355,256,73,0.28515625,1,0.092965887532,647,409,414,1216,1470
estados_senuelo,80.55555555555556,1,0.1,0.05,2.3999997122992056e-07,51602,51603,61602,61603,256,33,0.12890625,1,0.038277887882999996,581,352,360,256,44,0.171875,1,0.07267788784899999,526,395,355,1293,1276
estados_senuelo,80.55555555555556,2,0.1,0.05,2.3999997122992056e-07,51604,51605,61604,61605,256,56,0.21875,1,0.045765887649,613,450,414,256,45,0.17578125,1,0.077413887775,592,343,362,1477,1297
estados_senuelo,80.55555555555556,3,0.1,0.05,2.3999997122992056e-07,51606,51607,61606,61607,256,59,0.23046875,1,0.043621887716,648,392,399,256,38,0.1484375,1,0.072165887857,529,358,369,1439,1256
estados_senuelo,80.55555555555556,4,0.1,0.05,2.3999997122992056e-07,51608,51609,61608,61609,256,51,0.19921875,1,0.038917887862999996,594,354,362,256,42,0.1640625,1,0.073061887843,561,383,362,1310,1306
estados_senuelo,80.55555555555556,5,0.1,0.05,2.3999997122992056e-07,51610,51611,61610,61611,256,51,0.19921875,1,0.044005887704,641,412,374,256,41,0.16015625,1,0.07005388789,565,357,349,1427,1271
estados_senuelo,80.55555555555556,6,0.1,0.05,2.3999997122992056e-07,51612,51613,61612,61613,256,37,0.14453125,1,0.03581388796,548,343,335,256,50,0.1953125,1,0.07389388783,589,364,353,1226,1306
estados_senuelo,80.55555555555556,7,0.1,0.05,2.3999997122992056e-07,51614,51615,61614,61615,256,41,0.16015625,1,0.036965887924,591,337,349,256,46,0.1796875,1,0.075685887802,592,361,360,1277,1313
estados_senuelo,80.55555555555556,8,0.1,0.05,2.3999997122992056e-07,51616,51617,61616,61617,256,66,0.2578125,1,0.044293887695,677,348,417,256,38,0.1484375,1,0.072229887856,583,350,370,1442,1303
estados_senuelo,80.55555555555556,9,0.1,0.05,2.3999997122992056e-07,51618,51619,61618,61619,256,41,0.16015625,1,0.039205887854,629,357,344,256,44,0.171875,1,0.080229887731,609,340,404,1330,1353
estados_senuelo,80.55555555555556,10,0.1,0.05,2.3999997122992056e-07,51620,51621,61620,61621,256,46,0.1796875,1,0.039205887854,585,401,346,256,51,0.19921875,1,0.078757887754,587,380,358,1332,1325
estados_senuelo,80.55555555555556,11,0.1,0.05,2.3999997122992056e-07,51622,51623,61622,61623,256,58,0.2265625,1,0.04189388777,628,332,352,256,52,0.203125,1,0.079269887746,605,397,375,1312,1377
estados_senuelo,80.55555555555556,12,0.1,0.05,2.3999997122992056e-07,51624,51625,61624,61625,256,65,0.25390625,1,0.043845887709,644,378,414,256,41,0.16015625,1,0.072421887853,582,376,385,1436,1343
estados_senuelo,80.55555555555556,13,0.1,0.05,2.3999997122992056e-07,51626,51627,61626,61627,256,46,0.1796875,1,0.042021887766,625,396,359,256,61,0.23828125,1,0.088357887604,602,420,382,1380,1404
estados_senuelo,80.55555555555556,14,0.1,0.05,2.3999997122992056e-07,51628,51629,61628,61629,256,39,0.15234375,1,0.039493887845,594,370,358,256,53,0.20703125,1,0.075941887798,589,364,348,1322,1301
estados_senuelo,80.55555555555556,15,0.1,0.05,2.3999997122992056e-07,51630,51631,61630,61631,256,54,0.2109375,1,0.043781887711,642,439,395,256,69,0.26953125,1,0.082981887688,616,409,383,1476,1408
estados_senuelo,80.55555555555556,16,0.1,0.05,2.3999997122992056e-07,51632,51633,61632,61633,256,45,0.17578125,1,0.039877887832999996,569,394,348,256,62,0.2421875,1,0.083109887686,606,400,362,1311,1368
estados_senuelo,80.55555555555556,17,0.1,0.05,2.3999997122992056e-07,51634,51635,61634,61635,256,40,0.15625,1,0.039237887852999996,579,377,371,256,69,0.26953125,1,0.081253887715,580,389,385,1327,1354
estados_senuelo,80.55555555555556,18,0.1,0.05,2.3999997122992056e-07,51636,51637,61636,61637,256,52,0.203125,1,0.041861887771,629,356,338,256,54,0.2109375,1,0.085925887642,635,388,410,1323,1433
estados_senuelo,80.55555555555556,19,0.1,0.05,2.3999997122992056e-07,51638,51639,61638,61639,256,60,0.234375,1,0.048101887576,670,426,433,256,50,0.1953125,1,0.072549887851,569,369,317,1529,1255
estados_senuelo,80.55555555555556,20,0.1,0.05,2.3999997122992056e-07,51640,51641,61640,61641,256,65,0.25390625,1,0.046533887625,681,383,397,256,60,0.234375,1,0.077797887769,581,384,392,1461,1357
estados_senuelo,80.55555555555556,21,0.1,0.05,2.3999997122992056e-07,51642,51643,61642,61643,256,58,0.2265625,1,0.044197887697999996,631,412,403,256,44,0.171875,1,0.073957887829,599,344,354,1446,1297
estados_senuelo,80.55555555555556,22,0.1,0.05,2.3999997122992056e-07,51644,51645,61644,61645,256,57,0.22265625,1,0.04253388775,621,379,410,256,54,0.2109375,1,0.082277887699,634,401,381,1410,1416
estados_senuelo,80.55555555555556,23,0.1,0.05,2.3999997122992056e-07,51646,51647,61646,61647,256,33,0.12890625,1,0.037157887917999996,565,367,382,256,53,0.20703125,1,0.081637887709,620,377,387,1314,1384
estados_senuelo,80.55555555555556,24,0.1,0.05,2.3999997122992056e-07,51648,51649,61648,61649,256,52,0.203125,1,0.04029388782,606,414,345,256,49,0.19140625,1,0.081509887711,580,387,374,1365,1341
estados_senuelo,80.55555555555556,25,0.1,0.05,2.3999997122992056e-07,51650,51651,61650,61651,256,65,0.25390625,1,0.048197887572999996,676,398,404,256,64,0.25,1,0.09098188756299999,662,369,414,1478,1445
estados_senuelo,80.55555555555556,26,0.1,0.05,2.3999997122992056e-07,51652,51653,61652,61653,256,41,0.16015625,1,0.040229887822,586,375,349,256,50,0.1953125,1,0.080613887725,597,383,368,1310,1348
estados_senuelo,80.55555555555556,27,0.1,0.05,2.3999997122992056e-07,51654,51655,61654,61655,256,46,0.1796875,1,0.038533887875,593,348,338,256,69,0.26953125,1,0.077605887772,557,358,314,1279,1229
estados_senuelo,80.55555555555556,28,0.1,0.05,2.3999997122992056e-07,51656,51657,61656,61657,256,52,0.203125,1,0.039525887844,648,393,389,256,64,0.25,1,0.08541388764999999,654,362,387,1430,1403
estados_senuelo,80.55555555555556,29,0.1,0.05,2.3999997122992056e-07,51658,51659,61658,61659,256,64,0.25,1,0.045253887665,679,449,395,256,50,0.1953125,1,0.07901388775,566,368,407,1523,1341
estados_senuelo,90.0,0,0.1,0.05,2.3999997122992056e-07,51800,51801,61800,61801,256,111,0.43359375,1,0.341937989511,2735,1417,1424,256,116,0.453125,1,0.448209993095,1913,988,992,5576,3893
estados_senuelo,90.0,1,0.1,0.05,2.3999997122992056e-07,51802,51803,61802,61803,256,108,0.421875,1,0.340849989545,2734,1405,1454,256,93,0.36328125,1,0.6757939895389999,2666,1424,1365,5593,5455
estados_senuelo,90.0,2,0.1,0.05,2.3999997122992056e-07,51804,51805,61804,61805,256,102,0.3984375,1,0.069457998026,687,379,398,256,111,0.43359375,1,0.123281998172,657,373,380,1464,1410
estados_senuelo,90.0,3,0.1,0.05,2.3999997122992056e-07,51806,51807,61806,61807,256,126,0.4921875,1,0.075761997829,672,401,402,256,104,0.40625,1,0.272337995843,1167,653,658,1475,2478
estados_senuelo,90.0,4,0.1,0.05,2.3999997122992056e-07,51808,51809,61808,61809,256,101,0.39453125,1,0.063441998214,647,371,353,256,109,0.42578125,1,0.650705989931,2506,1453,1399,1371,5358
estados_senuelo,90.0,5,0.1,0.05,2.3999997122992056e-07,51810,51811,61810,61811,256,103,0.40234375,1,0.337009989665,2723,1404,1420,256,117,0.45703125,1,0.134673997994,671,405,365,5547,1441
estados_senuelo,90.0,6,0.1,0.05,2.3999997122992056e-07,51812,51813,61812,61813,256,106,0.4140625,1,0.072305997937,674,386,411,256,110,0.4296875,1,0.6752179895479999,2685,1375,1468,1471,5528
estados_senuelo,90.0,7,0.1,0.05,2.3999997122992056e-07,51814,51815,61814,61815,256,108,0.421875,1,0.070769997985,678,419,393,256,108,0.421875,1,0.138577997933,642,416,405,1490,1463
estados_senuelo,90.0,8,0.1,0.05,2.3999997122992056e-07,51816,51817,61816,61817,256,128,0.5,1,0.34564998939499997,2689,1478,1520,256,115,0.44921875,1,0.22472199658699998,997,581,559,5687,2137
estados_senuelo,90.0,9,0.1,0.05,2.3999997122992056e-07,51818,51819,61818,61819,256,107,0.41796875,1,0.065713998143,668,401,391,256,115,0.44921875,1,0.683665989416,2681,1399,1382,1460,5462
estados_senuelo,90.0,10,0.1,0.05,2.3999997122992056e-07,51820,51821,61820,61821,256,104,0.40625,1,0.068561998054,641,405,405,256,108,0.421875,1,0.140113997909,669,397,369,1451,1435
estados_senuelo,90.0,11,0.1,0.05,2.3999997122992056e-07,51822,51823,61822,61823,256,110,0.4296875,1,0.065905998137,652,420,389,256,110,0.4296875,1,0.678481989497,2717,1426,1432,1461,5575
estados_senuelo,90.0,12,0.1,0.05,2.3999997122992056e-07,51824,51825,61824,61825,256,91,0.35546875,1,0.059345998342,580,379,385,256,91,0.35546875,1,0.13595399797399998,670,412,419,1344,1501
estados_senuelo,90.0,13,0.1,0.05,2.3999997122992056e-07,51826,51827,61826,61827,256,106,0.4140625,1,0.341265989532,2761,1375,1430,256,105,0.41015625,1,0.12532999814,632,372,385,5566,1389
estados_senuelo,90.0,14,0.1,0.05,2.3999997122992056e-07,51828,51829,61828,61829,256,100,0.390625,1,0.346641989364,2786,1441,1509,256,118,0.4609375,1,0.6826419894319999,2705,1382,1378,5736,5465
estados_senuelo,90.0,15,0.1,0.05,2.3999997122992056e-07,51830,51831,61830,61831,256,90,0.3515625,1,0.068401998059,660,396,368,256,111,0.43359375,1,0.340945994771,1406,806,807,1424,3019
estados_senuelo,90.0,16,0.1,0.05,2.3999997122992056e-07,51832,51833,61832,61833,256,119,0.46484375,1,0.072497997931,674,420,413,256,100,0.390625,1,0.618897990428,2452,1295,1339,1507,5086
estados_senuelo,90.0,17,0.1,0.05,2.3999997122992056e-07,51834,51835,61834,61835,256,111,0.43359375,1,0.07220999793999999,704,424,388,256,94,0.3671875,1,0.117137998268,621,357,405,1516,1383
estados_senuelo,90.0,18,0.1,0.05,2.3999997122992056e-07,51836,51837,61836,61837,256,103,0.40234375,1,0.07092999797999999,670,425,409,256,106,0.4140625,1,0.117265998266,603,369,331,1504,1303
estados_senuelo,90.0,19,0.1,0.05,2.3999997122992056e-07,51838,51839,61838,61839,256,100,0.390625,1,0.063729998205,650,383,390,256,112,0.4375,1,0.128849998085,674,375,412,1423,1461
estados_senuelo,90.0,20,0.1,0.05,2.3999997122992056e-07,51840,51841,61840,61841,256,104,0.40625,1,0.33915398959799997,2815,1435,1380,256,110,0.4296875,1,0.134417997998,638,410,362,5630,1410
estados_senuelo,90.0,21,0.1,0.05,2.3999997122992056e-07,51842,51843,61842,61843,256,103,0.40234375,1,0.342737989486,2758,1451,1409,256,112,0.4375,1,0.27252999584,1229,628,663,5618,2520
estados_senuelo,90.0,22,0.1,0.05,2.3999997122992056e-07,51844,51845,61844,61845,256,98,0.3828125,1,0.34260998949,2682,1426,1395,256,114,0.4453125,1,0.13876999793,660,404,388,5503,1452
estados_senuelo,90.0,23,0.1,0.05,2.3999997122992056e-07,51846,51847,61846,61847,256,101,0.39453125,1,0.068497998056,652,407,429,256,113,0.44140625,1,0.1406899979,678,397,402,1488,1477
estados_senuelo,90.0,24,0.1,0.05,2.3999997122992056e-07,51848,51849,61848,61849,256,109,0.42578125,1,0.164817995046,1371,731,821,256,98,0.3828125,1,0.138065997941,668,399,397,2923,1464
estados_senuelo,90.0,25,0.1,0.05,2.3999997122992056e-07,51850,51851,61850,61851,256,91,0.35546875,1,0.066929998105,647,382,395,256,95,0.37109375,1,0.12660999812,624,383,408,1424,1415
estados_senuelo,90.0,26,0.1,0.05,2.3999997122992056e-07,51852,51853,61852,61853,256,96,0.375,1,0.060977998291,588,372,388,256,82,0.3203125,1,0.11963399822899999,633,410,393,1348,1436
estados_senuelo,90.0,27,0.1,0.05,2.3999997122992056e-07,51854,51855,61854,61855,256,104,0.40625,1,0.069393998028,651,390,399,256,114,0.4453125,1,0.136273997969,676,359,404,1440,1439
estados_senuelo,90.0,28,0.1,0.05,2.3999997122992056e-07,51856,51857,61856,61857,256,95,0.37109375,1,0.067345998092,636,387,373,256,121,0.47265625,1,0.6806579894629999,2612,1467,1458,1396,5537
estados_senuelo,90.0,29,0.1,0.05,2.3999997122992056e-07,51858,51859,61858,61859,256,89,0.34765625,1,0.070481997994,665,402,390,256,100,0.390625,1,0.126545998121,612,393,389,1457,1394
